V1,V8,V9,V10,,Judgement 1,Q6,Q7,Q8,Q9,Q10,Q11,Q12,Q13,Q14,Q15,Q16,Q17,Q18,Q19,Q20,Q21,Q22,Q23,Q24,Q25,Q26,,Judgment 2,Q28,Q29,Q30,Q31,Q32,Q33,Q34,Q35,Q36,Q37,Q38,Q39,Q40,Q41,Q42,Q43,Q44,Q45,Q46,Q47,Q48,,Judgment 3,Q72,Q73,Q74,Q75,Q76,Q77,Q78,Q79,Q80,Q81,Q82,Q83,Q84,Q85,Q86,Q87,Q88,Q89,Q90,Q91,Q92,,Q140_1,Q140_2,Q140_3,Q140_4,Q140_5,Q140_6,Q140_7,Q140_8,Q140_9,Q140_10,Q140_11,Q140_12,Q140_13,Q140_14,Q140_15,Q140_16,Q140_17,Q140_18,Q140_19,Q140_20,Q140_21,Q140_22,Q140_23,Q140_24,Q140_25,Q140_26,Q140_27,Q140_28,Q140_29,Q140_30,Completed distractor?,Q74,Q75,Q94,Q93,Q92,Q91,Q90,Q89,Q88,Q87,Q86,Q85,Q84,Q83,Q82,Q81,Q80,Q79,Q78,Q77,Q76,Q138,Q137,Q136,Q135,Q134,Q133,Q132,Q131,Q130,Q129,Q128,Q127,Q126,Q125,Q124,Q123,Q122,Q121,Q120,Q119,Q118,Q117,Q116,Q115,Q114,Q113,Q112,Q111,Q110,Q109,Q108,Q107,Q106,Q105,Q104,Q103,Q102,Q101,Q100,Q99,Q98,Q97,Q144
ResponseID,StartDate,EndDate,Finished,,Judgment Condition,Reason - Answer,Ride - Horse,Compact - Car,March - Walk,Cherry - Soda,Sign - Stop,Habit - Coke,Carry - Lift,Goose - Chicken,String - Thread,Fruit - Orange,Travel - Go,Dress - Skirt,America -USA,Crocodile - Alligator,Scent -Perfume,Crayon - Yellow,Wasp - Hornet,Three - Four,Drunk - Booze,Violin - Instrument,,Judgment Condition,Crown - Jewel,Cushion - Couch,Torch - Olympics,Force - Air,Jump - Leap,Strap - Buckle,Politics - Government,Calf- Cow,Rain - Wet,Sack - Bag,Cheese - Bread,Cape - Coat,Cook - Kitchen,Asia - Africa,There - Here,Brother - Sister,Adolescent - Juvenile,Harp - Piano,Bath - Soap,Brown - Green,Surgery - Blood,,Judgment Condition,Catholic - School,Back - Front,Baby - Cuddle,Grab - Pull,Snake - Long,Sense - Touch,Money - Bank,Mink - Fur,Drum - Band,Hatchet - Knife,Hip - Bone,Doctor - Nurse,Wrist - Arm,Tack - Nail,Jesus - Christ,Cherry - Apple,Dust - Clean,Blonde - Brown,Bottle - Jar,Green - Yellow,Idea - Mind,,Please arrange the following states in alphabetical order. This page will automatically move on t...-Mississippi,Please arrange the following states in alphabetical order. This page will automatically move on t...-Tennessee,Please arrange the following states in alphabetical order. This page will automatically move on t...-Alabama,Please arrange the following states in alphabetical order. This page will automatically move on t...-North Carolina,Please arrange the following states in alphabetical order. This page will automatically move on t...-Texas,Please arrange the following states in alphabetical order. This page will automatically move on t...-Arkansas,Please arrange the following states in alphabetical order. This page will automatically move on t...-Georgia,Please arrange the following states in alphabetical order. This page will automatically move on t...-Louisiana,Please arrange the following states in alphabetical order. This page will automatically move on t...-South Carolina,Please arrange the following states in alphabetical order. This page will automatically move on t...-Florida,Please arrange the following states in alphabetical order. This page will automatically move on t...-New York,Please arrange the following states in alphabetical order. This page will automatically move on t...-Massachusetts,Please arrange the following states in alphabetical order. This page will automatically move on t...-New Jersey,Please arrange the following states in alphabetical order. This page will automatically move on t...-Vermont,Please arrange the following states in alphabetical order. This page will automatically move on t...-Delaware,Please arrange the following states in alphabetical order. This page will automatically move on t...-Rhode Island,Please arrange the following states in alphabetical order. This page will automatically move on t...-Pennsylvania,Please arrange the following states in alphabetical order. This page will automatically move on t...-Michigan,Please arrange the following states in alphabetical order. This page will automatically move on t...-Ohio,Please arrange the following states in alphabetical order. This page will automatically move on t...-Maine,Please arrange the following states in alphabetical order. This page will automatically move on t...-Nevada,Please arrange the following states in alphabetical order. This page will automatically move on t...-Oregon,Please arrange the following states in alphabetical order. This page will automatically move on t...-Washington,Please arrange the following states in alphabetical order. This page will automatically move on t...-California,Please arrange the following states in alphabetical order. This page will automatically move on t...-Utah,Please arrange the following states in alphabetical order. This page will automatically move on t...-Arizona,Please arrange the following states in alphabetical order. This page will automatically move on t...-Hawaii,Please arrange the following states in alphabetical order. This page will automatically move on t...-Alaska,Please arrange the following states in alphabetical order. This page will automatically move on t...-Montana,Please arrange the following states in alphabetical order. This page will automatically move on t...-Idaho,,Reason - ______,Ride - ______,Compact - ______,March - ______,Cherry - ______,Goose - _______,String - ______,Fruit - ______,Travel - ______,Dress - ______,America - ______,Crocodile - ______,Scent - ______,Crayon - ______,Wasp - ______,Three - ______,Drunk - ______,Violin - ______,Sign - ______,Habit - ______,Carry - ______,Crown - ______,Cushion - ______,Torch - ______,Force - ______,Jump - ______,Strap - ______,Surgery - ______,Politics - ______,Calf - ______,Rain - _______,Sack - ______,Cheese - ______,Cape - ______,Cook - ______,There - ______,Asia - ______,Brother - ______,Adolescent - _______,Harp - ______,Brown - ______,Bath - ______,Catholic - ______,Back - ______,Baby - ______,Grab - ______,Snake - ______,Sense - ______,Money - ______,Mink - ______,Drum - ______,Hatchet - ______,Hip - ______,Doctor - _______,Wrist - ______,Tack - ______,Jesus - ______,Cherry - ______,Dust - ______,Blonde - ______,Green - ______,Idea - ______,Bottle - ______,Please enter your mTurk worker id:
R_3fpWIlp9ZAp01KW,3/22/2017 15:59,3/22/2017 16:08,1,,associative,10,4,3,10,4,10,10,10,10,10,10,20,10,5,10,5,10,10,3,3,5,,semantic,6,8,6,5,7,5,5,5,5,5,5,5,5,5,5,5,8,6,5,5,5,,thematic,6,5,6,4,8,6,7,8,6,5,5,8,6,6,8,7,7,6,6,9,6,,9,15,2,12,16,1,5,7,14,6,11,8,10,17,4,13,18,19,20,21,22,23,24,25,26,27,28,3,29,30,Yes,sane,,,,blossom,duck,,,see,,usa,alligator,,,bee,,,,,drug,,,,,,leap,on,,,,,,,,see,,,,young,,,,,black,,,bike,common,cash,,,,bone,nurse,,nail,,,bunny,,,,perfume,A17J1CE7N49Z9D
R_1IzblzW7uxEkk1e,3/22/2017 16:02,3/22/2017 16:11,1,,associative,help,beautiful,go,primavera,eat,car,sport,good,eat,yes,orange,fly,tshirt,florida,animal,nice,patate,good,men,yes,music,,semantic,good,good,good,aeroplane,eat,eat,people,eatmilk,water,go,eat,good,eat,sky,nothing,family,chikdren,1,eat,eat,yes,,thematic,nice,nnice,nice,nice,nice,good,good,good,nice,good,nice,nice,nice,good,nice,nice,nice,good,nice,nice,nice,,7,17,1,11,16,2,5,6,15,4,12,10,14,18,3,19,20,9,28,8,13,29,30,21,27,22,23,24,25,26,Yes,,,,,,,,,,,,,,,,,,,,,,,,,,,,,,,,,,,,,,,,,,,,,,,,,,,,,,,,,,,,,,,,A9EQ4FWCUQVBL
R_bp7YFdNKacullEl,3/22/2017 16:00,3/22/2017 16:12,1,,associative,,,20,,,,,,,10,20,,,,,,,50,,,,,semantic,,50,80,100,100,,,60,100,60,,,100,,,100,50,,100,50,,,thematic,80,,,,100,100,,,100,,80,100,,,,100,,,500,,,,4,5,1,6,7,8,9,10,11,12,13,14,15,16,3,17,18,19,20,21,22,23,24,2,25,26,27,28,29,30,Yes,,,,,,,,,BUS,,,,,,,,,,,,,,,,,,,,,,,,,,,,,SISTER,,,GREEN,,,,MOTHER,,,,,,BAG,,,,,,,,,,,,,A5DSYVNGYLCA5
R_3J1SBLa2fVmYQA6,3/22/2017 15:59,3/22/2017 16:13,1,,associative,70,67,68,77,35,70,15,79,55,80,85,45,32,80,90,85,48,35,73,62,55,,semantic,47,40,80,61,70,56,70,65,75,40,45,30,80,45,73,85,45,45,80,68,85,,thematic,45,75,45,75,60,75,70,60,60,40,57,80,59,45,90,45,60,70,60,56,55,,13,15,1,11,16,4,8,12,18,7,14,17,19,20,6,22,23,25,27,24,26,28,30,5,29,3,9,2,21,10,Yes,idea,horse,car,walk,tomatoes,duck,violin,apple,airplane,skirt,USA,alligator,perfume,black,hornet,four,booze,harp,stop,environment,bag,royal,couch,fire,air,leap,buckle,blood,government,cow,wet,bag,crackers,superhero,chef,here,africa,sister,teenager,strings,green,soap,nuns,front,sitter,pull,long,touch,bank,fur,piano,knife,bone,nurse,arm,nail,Christ,tomatoes,pan,brown,yellow,brain,water,A111GZJ896Q9RX
R_2vcRuZtIkKRVZVR,3/22/2017 16:02,3/22/2017 16:15,1,,associative,20,50,99,60,50,70,10,60,40,99,50,30,99,100,80,90,20,99,99,99,70,,semantic,90,80,40,99,80,60,90,99,90,80,70,85,80,60,99,99,70,70,70,20,99,,thematic,99,99,60,99,99,70,99,99,99,99,60,99,99,90,99,99,99,40,99,30,99,,7,26,1,9,27,3,6,10,11,8,12,13,14,28,5,15,16,17,18,19,20,21,30,4,29,2,22,23,24,25,Yes,orange,park,ick,no,no,golden,silly,ninja,game,ing,bad,tears,free,dialect,kelly ann conway,schoolhouse rock,coronation,small,post,Flying,gun,midas,airplane,human,Yoda,Rattle and Roll,on,soon,yuge,leg,man,sex,meaning of life,cod,yoshi,pan,asia,Bear,targeted,marx,cow,house,gay sex,future,orange,no,trump,eight,Coaster,animal,grinch,no,outdated,Who,gadget,speed,toast,no,till dawn!,legally,orange,bulb,Torium,A10GJ2FOR16B2I
R_1FQAgR3cRWUezfC,3/22/2017 16:01,3/22/2017 16:15,1,,associative,2,2,80,5,30,30,2,50,2,20,80,5,50,90,90,5,10,10,10,5,80,,semantic,30,50,30,2,60,45,80,50,30,25,10,2,25,5,10,90,90,0,80,0,30,,thematic,10,80,50,50,2,90,60,90,90,2,50,80,2,2,90,15,15,15,15,25,50,,12,18,2,15,19,3,8,10,17,7,14,11,13,30,6,16,20,21,22,23,24,25,26,5,27,4,9,1,28,29,Yes,idea,car,car,maddness,orange,duck,harp,orange,luggage,skirt,usa,alligator,smell,yello,insect,four,alcohol,string,stop,forming,hold,head,couch,lamp,push,hop,belt,blood,govrenment,cow,drops,bag,wheel,coat,meal,their,africa,sister,child,piano,black,tub,school,front,child,push,long,touch,bank,fur,band,ax,bone,nurse,band,thumb,religion,orange,clean,brown,yellow,form,neck,A2OGCXGLS44ZAO
R_ymydx0hIfada5tT,3/22/2017 16:01,3/22/2017 16:16,1,,associative,30,30,70,60,80,90,10,40,40,40,50,20,60,60,45,60,20,70,50,30,40,,semantic,90,60,60,50,100,80,80,90,90,80,20,70,70,20,40,80,40,40,90,40,50,,thematic,100,80,50,80,80,90,90,70,80,60,100,70,70,70,100,70,40,60,80,70,90,,,,,,,,,,,,,,,,,,,,,,,,,,,,,,,,No,question,horse,car,walk,apple,chicken,thread,tree,go,skirt,USA,alligator,perfume,yellow,hornet,four,booze,instrument,post,coke,bucket,head,couch,olympics,air,leap,buckle,blood,government,cow,drop,bag,bread,jacket,kitchen,here,africa,sister,child,piano,green,soap,school,forward,cuddle,pull,long,touch,bank,fur,band,knife,bone,nurse,arm,nail,christ,apple,clean,girl,yellow,mind,tube,A2RNBOY9I3DJDC
R_1NePZkiQ0yrVXdd,3/22/2017 16:02,3/22/2017 16:16,1,,associative,50,60,80,40,12,70,12,20,60,35,24,40,75,90,90,40,10,35,65,10,20,,semantic,10,50,0,5,100,50,80,90,35,100,50,80,0,70,90,95,65,70,20,80,10,,thematic,30,30,32,80,30,35,95,100,90,5,25,90,50,12,100,30,70,90,30,70,85,,12,24,1,18,25,3,7,8,23,6,17,10,16,27,5,22,21,11,19,9,15,20,28,4,26,2,13,14,29,30,Yes,answer,horse,car,walk,apple,chicken,thread,orange,go,skirt,USA,alligator,perfume,yellow,hornet,four,booze,instrument,stop,Coke,lift,jewel,couch,Olympics,air,leap,buckle,blood,government,cow,wet,bag,bread,coat,kitchen,here,Africa,sister,juvenile,piano,yello,soap,school,front,cuddle,pull,long,touch,bank,furt,band,knife,bone,nurse,arm,nail,Christ,apple,clean,brown,yello,mind,jar,A1FGKIKJYSL1MI
R_r9obOiwLK48eQgh,3/22/2017 16:04,3/22/2017 16:16,1,,associative,4,35,33,45,76,54,2,45,23,34,3,44,65,66,95,34,43,34,2,2,34,,semantic,82,54,94,32,84,88,84,95,90,23,22,12,98,19,50,98,82,23,72,0,0,,thematic,11,93,11,12,23,92,98,38,98,18,49,93,85,31,10,27,93,12,32,2,84,,15,27,1,20,28,3,9,4,26,8,5,16,18,29,10,24,23,17,21,14,19,22,30,7,25,2,11,6,13,12,Yes,CAUSE,GO,CAR,WALK,TOP,DUCK,FOAM,LEMON,GO,CODE,COUNTRY,ALLIGATOR,SMELL,YELLOW,BEE,FOUR,BOZE,INSTRUMENT,FLOW,COKE,HOLD,HEAD,SOFT,OLYMPICS,AIR,WALK,ON,AIWOD,GOVERNMENT,COW,WET,BALL,CAKE,COD,KITCHEN,HERE,WARM,SISTER,YOUNG,PIANO,BROWN,SALT1,SCHOOL,FRONT,INFANT,CARRY,LONG,FEEL,BANK,SEE,BAND,KNIFE,WAIST,NURSE,ARM,THUMB,CRIST,RED,CLEAN,AIR,GEEN,NEW,CARRY,AMZVZJL54O491
R_3LXc1k2qSD6PUkz,3/22/2017 16:01,3/22/2017 16:17,1,,associative,15,20,10,10,10,15,5,25,20,35,20,15,60,70,70,20,10,30,75,10,25,,semantic,30,60,50,10,80,60,70,60,40,60,20,50,50,60,50,70,70,50,30,80,30,,thematic,40,70,40,60,20,60,80,50,60,50,60,80,50,50,100,50,35,60,50,70,40,,14,24,1,18,25,2,8,10,23,7,16,12,15,26,6,22,21,13,19,11,17,20,27,4,28,3,9,5,29,30,Yes,answer,car,car,november,apple,duck,thread,orange,plane,skirt,USA,Alligator,candle,yellow,hornet,leaf,booze,harp,banner,drugs,lift,jewel,couch,olympics,air,leap,buckle,blood,government,cow,wet,bag,bread,jacket,kitchen,here,africa,sister,juvenile,piano,yellow,shower,church,green,cuddle,hold,long,touch,bank,fur,band,knife,hop,nurse,arm,nail,Christ,apple,clean,brown,yellow,thought,milk,A2XJNB61ZIB3VQ
R_1mWTCa0dnNytKnk,3/22/2017 16:01,3/22/2017 16:21,1,,associative,90,50,50,35,35,50,20,55,30,90,70,30,80,100,99,90,30,40,25,80,75,,semantic,30,40,80,30,90,70,100,100,100,90,40,90,90,100,90,100,100,100,90,50,80,,thematic,70,10,70,90,50,90,90,70,90,90,50,90,50,90,100,50,50,20,60,50,90,,6,7,1,8,14,4,11,13,19,10,20,17,21,22,9,23,24,18,25,16,26,27,28,5,29,3,12,2,30,15,Yes,mind,horse,car,parade,fruit,chicken,violin,cherry,trip,dkirt,USA,alligator,perfume,yellow,hornet,four,booze,string,stop,coke,lift,gem,couch,Olympics,air,leap,buckle,blood,government,cow,wet,bag,bread,coat,kitchen,here,Africa,sister,juvenile ,piano,green,soap,school,front,cuddle,pull,long,smell,bank,fur,and,knife,bone,nurse,arm,nail,Christ,apple,clean,brown,yellow,mind,jar,A2H74STYH3PLT1
R_3Kw2NjxXes3v0kL,3/22/2017 16:04,3/22/2017 16:21,1,,associative,60,40,80,35,30,75,30,30,30,50,60,80,80,90,70,75,50,60,20,20,60,,semantic,60,100,100,20,100,100,100,50,100,60,50,100,100,50,100,50,50,80,100,0,50,,thematic,50,100,35,50,30,100,30,40,30,40,100,20,100,40,50,0,40,20,20,0,100,,15,24,1,19,25,3,8,11,23,7,18,13,17,27,6,22,21,14,20,12,28,29,30,5,26,4,9,2,16,10,Yes,THOUGHT,DRIVE,CAR,WALK,COKE,HEN,THREAD,ORANGE,MOVE,SKIRT,USA,ALLIGATOR,PERFUMN,COLOR,BEE,FOUR,TIPSY,FIDDLE,PEN,N/A,HOLD,JEWEL,COUCH,LIGHT,AIR,HOP,BAG,BLOOD,GOVERMENT,COW,CLOUD,BAG,SLICE,COD,KITCHEN,HERE,AFRICA,SISTER,CHILD,PIANO,GREEN,TUB,CHURCH,FRONT,DIAPER,HOLD,LONG,SMELL,CASH,COAT,BEAT,AX,HOP,SURGERY,ARM,NAIL,CHRIST,COKE,CLEAN,BROWN,BROWN,THOUGHT,GLASS,A1USR9JCAMDGM3
R_20YGCEwbqrswkWj,3/22/2017 16:07,3/22/2017 16:22,1,,associative,100,100,25,100,25,100,50,100,25,100,50,100,25,100,50,100,50,50,100,100,25,,semantic,100,100,100,50,50,100,25,100,50,100,100,50,100,25,50,100,20,50,100,25,20,,thematic,50,100,50,100,100,100,50,100,50,50,100,100,100,100,100,25,50,100,100,25,100,,10,11,1,12,13,4,8,14,15,7,16,17,18,19,6,20,21,22,23,24,25,26,27,5,28,3,29,2,30,9,Yes,ideal,horse,car,may,fruit,duck,bee,orange,trip,shirt,usa,anglittor,flower,yellow,horent,four,booze,harp,song,healthy,bag,jewerl,couch,feel,push,ran,buckle,blood,people,cow,wet,bag,cloth,coat,kitchen ,here,india,sister,child,volin,sack,soap,chruch,bone,young,hold,long,smell,coin,fur,band,knife,bone,nurse,arm,pick,christ,pie,mitt,brown,brown,news,glass,A1MTRZDRKNB9GV
R_2YXLzw0lgDz8BkC,3/22/2017 16:01,3/22/2017 16:23,1,,associative,50,35,10,23,15,10,22,30,60,22,15,28,42,95,69,15,15,50,20,44,56,,semantic,85,75,100,80,95,65,100,25,100,50,50,20,100,50,32,100,100,95,95,20,100,,thematic,85,52,100,85,50,65,100,50,100,90,100,100,95,25,100,85,100,15,,50,,,4,5,1,6,7,2,8,9,10,11,12,13,14,15,16,17,19,20,21,22,23,24,25,26,27,18,28,3,29,30,Yes,doubt,horse,full,walkwet,apple,chicken,guitar,tree,road,code,usa,aligathor,parfume,lipstick,smoke,fruit,booze,instrument,signal,smoke,drag,juwlery,pilow,fire,air,up,belt,blod,goverment,hurt,wet,bring,mouse,town,,are,africa,sister,juwenille,string,yellow,toob,church,front,cuddle,pull,long,parfume,cash,close,bend,knife,bone,nurse,arm,down,hrist,orange,clean,purple,yellow,lightbulb,drink,A382G38I8JZLGZ
R_1mFwjKYOdV4mSBM,3/22/2017 16:01,3/22/2017 16:24,1,,associative,30,80,5,20,20,80,2,25,25,10,30,20,20,80,65,60,20,30,30,60,50,,semantic,70,60,40,10,80,60,90,100,100,60,20,60,100,50,40,90,80,60,50,20,80,,thematic,80,50,40,50,75,30,80,20,50,60,75,80,60,40,100,40,30,50,40,50,50,,14,13,1,12,9,4,8,10,11,7,15,16,17,20,6,21,22,23,18,24,25,19,26,5,27,3,28,2,29,30,Yes,new,go,strong,walk,apple,duck,weak,tasty,go,skirt,usa,alligator,sweet,yellow,hornet,four,people,instrument,stop,new,back,jewelry,soft,olympic,strong,leap,cloth,doctor,government,cow,wet,bag,dairy,back,kitchen,here,africa,sister,juvenile,violin,blonde,wet,school,forth,cute,take,long,mind,bank,brown,band,hammer,bone,nurse,hand,finger,christ,apple,clean,brown,yellow,mind,wine,A3HL65WT1I6OU1
R_3EbrkZv9VPHzIBN,3/22/2017 16:03,3/22/2017 16:26,1,,associative,50,60,90,80,50,80,10,40,30,40,20,60,60,30,40,50,10,40,80,50,40,,semantic,50,70,70,40,90,80,80,90,80,90,60,80,80,90,50,80,90,80,70,95,70,,thematic,60,80,40,30,30,70,90,70,90,30,70,70,80,40,95,40,70,40,60,60,80,,12,24,1,20,25,2,7,8,23,6,16,10,14,27,5,22,21,11,17,9,19,18,28,4,26,3,29,15,13,30,Yes,idea,horse,car,walk,soda,chicken,thread,cherry,world,skirt,free,alligator,perfume,yellow,hornet,four,buzzed,instrument,write,coke,lift,jewel,couch,olympics,air,leap,buckle,blood,news,cow,wet,bag,yellow,coat,oven,here,Africa,sister,teen,music,yello,clean,school,front,cuddle,pull,long,feel,bank,fur,band,knife,bone,nurse,arm,pin,Christ,coke,clean,brown,brown,reason,jar,A3MD34XEB4H6JF
R_3lY00hvkX1UOz4T,3/22/2017 16:07,3/22/2017 16:26,1,,associative,15,95,5,20,80,80,50,85,75,95,40,75,20,99,85,50,5,80,40,50,20,,semantic,99,80,100,99,80,80,90,99,50,100,100,95,100,75,100,100,99,50,95,50,100,,thematic,50,100,100,80,50,100,99,50,20,50,99,100,100,100,100,50,100,50,20,850,80,,,,,,,,,,,,,,,,,,,,,,,,,,,,,,,,No,Thought,Horse,Car,June,Soda,Vodka,Thread,Orange,Carry-on,Skirt,US,Alligator,Touch,Yellow,Hornet,Four,Booze,Instrument,Stop,Coke,Travel,Jewel,Couch,Party,Air,Fast,Purse,Blood,Government,Cow,Snow,Bag,Pepper,Coat,Grill,Here,Japan,Sister,Juvanile,Violin ,Green,Tub,Church,Front,Toddler,Feel,Long,Touch,Dollar,Fur,Set,Knife,Bone,Nurse,Arm,Nail,Christ,Soda,Mites,Brown,Yellow,Thoughts,Jar,A2KTQ9M7CW05XF
R_2YRowGPO8ZOhzbd,3/22/2017 16:19,3/22/2017 16:32,1,,associative,50,30,60,25,40,50,10,50,20,40,30,20,40,75,20,70,15,40,45,50,45,,semantic,50,55,55,55,60,40,60,45,45,40,10,40,65,45,50,75,65,15,55,10,20,,thematic,45,75,15,65,40,55,80,55,30,25,50,65,30,50,80,20,25,30,80,50,40,,12,22,1,19,23,3,7,8,21,6,18,10,17,24,5,20,16,11,14,9,13,15,25,4,26,2,27,28,29,30,Yes,THOUGHT,UNKNOWN,SMALL,WALK,COLA,DUCK,INSTRUMENT,ORANGE,GO,SKIRT,USA,ALLIGATOR,PERFUME,YELLOW,HORNET,FOUR,ALCOHOL,INSTRUMENT,PRINT,HOME,HOLD,REGAL,COUCH,OLYMPICS,STRENGTH,LEAP,BUCKLE,BLOOD,GOVERNMENT,COW,WET,BAG,UNKNOWN,COAT,KITCHEN,UNKNOWN,AFRICA,SISTER,CHILD,STRING,BLACK,TUB,CHRISTIAN,PACK,CUDDLE,PULL,LONG,TOUCH,CURRENCY,FUR,BAND,UNKNOWN,BONE,NURSE,ARM,NAIL,CHRIST,COLA,BOWL,BRUNETTE,YELLOW,THOUGHT,GLASS,A2581F7TDPAMBQ
R_2QnTiJ1AkPQFWpE,3/22/2017 16:02,3/22/2017 16:34,1,,associative,70,55,90,45,50,65,35,50,45,65,40,35,40,70,70,90,35,40,45,40,70,,semantic,80,80,90,80,95,95,90,90,100,90,85,65,85,85,80,90,95,75,95,50,80,,thematic,80,90,70,90,75,95,80,90,70,75,80,85,85,60,95,80,80,80,70,75,80,,15,26,1,20,27,4,8,11,25,7,19,13,18,29,6,24,23,14,21,12,17,22,30,5,28,3,9,2,16,10,Yes,Thought,Travel,Car,Parade,Soda,Duck,Quartet,Apple,Bag,Skirt,USA,Alligator,Perfume,Color,Hornet,Four,Booze,Harp,Stop,Coke,Bag,Royal,Pillow,Flame,Pull,Rope,Belt,Blood,Government,Cow,Water,Bag,Bread,Cod,Kitchen,Here,Africa,Sister,Youth,Violin,Green,Soap,School,Pack,Cuddle,Pull,Venom,Common,Bank,Fur,Kit,Axe,Bone,Nurse,Arm,Nail,Christ,Apple,Clean,Brown,Yellow,Thought,Jar,A2F8YFFRKK14QD
R_1ovxP8FtFGDtxz3,3/22/2017 16:00,3/22/2017 16:35,1,,associative,60,40,70,75,90,90,40,60,70,90,75,80,70,100,80,70,50,80,80,80,45,,semantic,80,70,70,40,60,70,90,90,90,75,40,60,80,90,70,90,90,60,90,80,50,,thematic,60,80,60,80,30,80,90,80,90,90,90,90,80,75,90,75,70,90,80,90,75,,12,16,1,14,15,4,8,13,24,7,9,10,11,29,6,23,22,18,20,17,19,21,30,5,25,3,26,2,27,28,Yes,answer,car,car,walk,apple,duck,thread,orange,boat,pants,USA,alligator,perfume,color,hornet,four,booze,harp,post,break,hold,jewel,couch,olympics,air,leap,belt,blood,governement,cow,wet,bag,cake,coat,kitchen,here,africa,sister,juveneille,violin,yellow,wash,school,front,bottle,pull,long,touch,cash,fur,beat,knife,bone,nurse,arm,nail,christ,apple,clean,brown,yellow,think,jar,ACRKDBKAS8GM1
R_2YKxGfvRTliEhPk,3/22/2017 16:33,3/22/2017 16:44,1,,associative,,,,,,,,,,,,,,,,,,,,,,,semantic,,,,,jump in sepping,,,,rain is nature,,,,,,,,,,,,,,thematic,,,,,,,,,,,,,,,,,,,,,,,7,1,6,5,9,2,3,18,16,10,11,4,12,13,20,14,8,15,17,19,21,30,28,27,24,26,25,23,29,22,Yes,,,,,,,,orange,,,,,,,,,,,,,,,,olympic,,,,,,,,,,,,,,sister,,,,,,,,,,,,,,,,,,,,,,,,,,AP5WYQIT8PN0K
R_3fH7EX1gBenL9IM,3/22/2017 16:30,3/22/2017 16:46,1,,associative,30,35,8,65,15,45,2,80,7,60,50,12,55,75,80,85,20,65,60,87,17,,semantic,60,80,30,20,90,65,100,100,99,80,30,50,76,30,10,50,90,34,25,20,70,,thematic,40,90,75,80,95,100,80,100,100,95,60,100,100,90,100,90,90,80,100,80,100,,11,12,1,13,14,3,8,15,16,7,17,18,10,9,6,19,20,21,22,23,24,25,26,5,27,4,28,2,29,30,Yes,EXPLANATION,HORSE,CAR,WALK,FRUIT,CHICKEN,THREAD,ORANGE,TRIP,SKIRT,USA,ALLIGATOR,PERFUME,YELLOW,HORNET,FOUR,BOOZE,PIANO,STOP,COKE,LIFT,JEWEL,COUCH,FIRE,PLACE,LEAP,BELT,BLOOD,GOVERNMENT,COW,SKY,BAG,SWISS,COAT,KITCHEN,HERE,AFRICA,SISTER,JUVENILE,PIANO,BLACK,TOWEL,SCHOOL,PACK,YOUNG,PULL,LONG,TOUCH,BANK,FUR,BAND,KNIFE,BONE,NURSE,ARM,NAIL,CHRIST,RED,CLEAN,BRUNETTE,YELLOW,KNOWLEDGE,JAR,AMDX0UNZS4A1G
R_2TZYZXJXEpT58pq,3/22/2017 17:03,3/22/2017 17:13,1,,associative,30,50,10,20,80,10,3,60,2,5,10,10,70,100,90,50,5,10,10,50,30,,semantic,60,60,55,10,10,10,50,10,90,60,30,50,10,2,50,80,80,5,15,20,80,,thematic,0,100,50,80,90,50,80,40,60,80,60,100,80,50,100,20,100,90,70,50,30,,7,8,1,13,14,4,10,15,16,9,17,18,19,20,6,21,22,23,24,25,26,27,28,5,29,3,11,2,30,12,Yes,Call,car,Car,,orange,Chicken,Attached,Orange,Plane,skirt,USA,Alligator,Perfume,Yellow,Bea,four,Beer,instrument,Stop,Coke,Hold,Jewel,Bed,Olympics,air,Sit,Belt,blood,,,WET,Bag,Ham,Back,,Here,Africa,sister,Young,Piano,Blonde,soap,school,Horse,Cuddle,Hold,Long,,Bank,Fur,Battery,knife,Arm,Nurse,arm,,Christ,orange,Leaves,Brown,yellow,Reason,Cup,A1LRDHZZUVF9AZ
R_29odkGMF46aOxCd,3/22/2017 16:49,3/22/2017 17:15,1,,associative,3,3,5,40,3,15,1,50,10,50,5,40,3,80,30,20,1,80,80,5,50,,semantic,80,80,80,20,100,80,90,80,90,100,70,75,80,50,90,90,100,50,80,90,30,,thematic,20,50,50,90,70,50,100,90,70,30,50,80,50,80,100,50,90,10,90,30,90,,11,21,1,15,22,2,5,6,20,4,14,8,13,23,3,19,18,10,16,7,12,17,24,9,25,26,27,28,29,30,Yes,cause,horse,car,walk,soda,chicken,thread,orange,go,skirt,USA,alligator,perfume,yellow,hornet,four,booze,instrument,stop,break,lift,jewel,couch,Olympic,air,leap,buckle,blood,government,cow,wet,bag,bread,coat,kitchen,here,Africa,sister,youth,piano,green,soap,school,front,cuddle,pull,long,touch,bank,fur,band,knife,bone,nurse,arm,nail,Christ,soda,clean,brown,yellow,mind,jar,A20NITCOBY4775
R_1dKo3MbdW7AuUrT,3/22/2017 17:16,3/22/2017 17:30,1,,associative,30,90,40,95,65,60,50,90,40,70,50,85,75,95,98,80,50,80,80,35,25,,semantic,80,35,75,30,95,75,95,80,40,80,30,65,90,90,25,65,90,70,40,20,40,,thematic,50,15,25,60,75,70,35,75,65,80,70,80,40,25,95,50,90,30,60,10,95,,12,23,1,17,24,2,5,6,22,4,16,8,15,26,3,21,20,9,18,7,13,19,27,11,25,10,28,14,29,30,Yes,ANSWER,HORSE,CAR,WALK,SODA,CHICKEN,THREAD,ORANGE,GO,SKIRT,US,ALLIGATOR,PERFUME,YELLOW,HORNET,FOUR,BOOZE,INSTRUMENT,STOP,COKE,HOLD,JEWEL,SOFA,OLYMPICS,WIND,LEAP,BUCKLE,BLOOD,GOVERNMENT,COW,WET,BAG,BREAD,COAT,KITCHEN,HERE,AFRICA,SISTER,JUVENILE,INSTRUMENT,GREEN,SOAP,SCHOOL,FRONT,BLANKET,TAKE,LONG,TOUCH,BANK,FUR,BAND,KNIFE,BONE,NURSE,BONE,PIN,CHRIST,SODA,CLEAN,BRUNETTE,YELLOW,MIND,JAR,AKTJYST6AIJ5T
R_231uhDRBZqqFmWM,3/22/2017 16:36,3/22/2017 17:31,1,,associative,2,20,60,15,5,30,2,20,4,15,20,15,55,25,80,25,4,15,25,10,4,,semantic,45,35,5,12,80,15,50,80,45,70,5,75,15,35,2,75,80,75,30,15,15,,thematic,45,90,60,75,30,90,80,80,85,80,75,85,95,75,100,90,80,80,95,95,75,,9,10,1,11,12,4,8,13,14,7,15,16,17,18,6,19,20,21,22,23,24,25,26,5,27,3,28,2,29,30,Yes,why,car,car,walk,apple,duck,thread,orange,boat,skirt,Canada,alligator,perfume,yellow,hornet,,booze,viola,stop,pattern,lift,jewel,sofa,olympics,air,,handle,blood,government,cow,wet,bag,spread,coat,,here,Africa,sister,juvenile,piano,green,soap,school,,carriage,grope,long,smell,change,fur,piano,knife,bone,nurse,arm,nail,Christ,apple,,brown,brown,,can,A1C0H8G0YI15MN
R_21vuy150T9Yux9p,3/22/2017 17:36,3/22/2017 17:48,1,,associative,,,,,,,,,,,,,,,,,,,,,,,semantic,,,,,,,,,,,,,,,,,,,,,,,thematic,,,,,,,,,,,,,,,,,,,,,,,1,2,3,4,5,6,7,8,9,10,11,12,13,14,16,17,15,18,19,20,21,22,23,24,25,26,27,28,29,30,Yes,,,,,,,,,,,,,,,,,,,,,,,,,,,,,,,,,,,,,,,,,,,,,,,,,,,,,,,,,,,,,,,,A2NJAHKIJQXPCI
R_3PuBaz3PAFF9MPm,3/22/2017 17:35,3/22/2017 18:13,1,,associative,30,30,20,1,50,30,1,40,30,40,20,40,20,60,50,40,5,30,60,10,30,,semantic,80,80,80,60,90,90,80,90,90,95,70,70,90,90,80,90,60,90,90,90,90,,thematic,40,70,50,60,30,90,80,30,80,80,40,70,90,50,100,90,90,60,90,90,70,,10,20,1,14,21,2,5,6,19,4,12,8,11,22,3,18,17,9,15,7,13,16,23,24,25,26,27,28,29,30,Yes,Answer,Horse,Set,Walk,Apple,Chicken,Thread,Juice,Go,Skirt,USA,Alligator,Perfume,Yellow,Hornet,Four,Alcohol,Instrument,Stop,Play,Lift,Jewel,Couch,Olympics,Air,Leap,Buckle,Blood,Government,Cow,Wet,Bag,Bread,Coat,Kitchen,Here,Africa,Sister,Juvenile,Piano,Blonde,Soap,School,Front,Cuddle,Hold,Long,Touch,Bank,Fur,Band,Knife,Bone,Nurse,Arm,Pull,Christ,Apple,Clean,Brown,Yellow,Mind,Cup,A36Z8997ZHYFKC
R_2pY9qV7AkiT8gSo,3/22/2017 18:16,3/22/2017 18:30,1,,associative,45,50,60,2,40,70,10,55,5,90,50,1,50,99,90,98,10,8 5,90,99,95,,semantic,80,80,90,50,80,87,90,80,50,80,60,30,90,20,50,90,80,45,80,50,70,,thematic,80,70,44,40,50,40,99,20,80,30,80,70,80,70,99,80,70,50,70,77,70,,12,16,1,10,17,4,8,9,15,7,14,11,13,18,6,19,20,22,23,21,24,25,26,5,27,3,28,2,29,30,Yes,answer,car,car,run,soda,chicken,violine,apple,ban,skirt,United States,alligator,perfume,yellow,bug,four,alcohol,instrument,stop,bad,lift,hat,couch,olympics,strength,basketball,arm,foot,jerks,cow,drop,bag,bread,coat,chef,here,Africa,sister,juvenile,violin,yellow,soap,school,butt,cry,butt,bite,Mind,bank,fur,band,knife,bone,cancer,arm,thumb,Chist,apple,clean,browne,yellow,mind,baby,A23N5LWKJ5V0L7
R_ea3IHh0HvVj4Dap,3/22/2017 18:19,3/22/2017 18:38,1,,associative,60,80,70,80,40,90,30,80,90,70,70,50,75,95,90,80,40,55,75,85,90,,semantic,75,80,80,90,60,75,90,70,80,80,85,90,70,60,95,95,95,80,80,50,70,,thematic,80,80,40,80,60,60,80,80,60,80,70,75,70,70,100,80,90,60,90,60,80,,11,22,1,17,23,2,6,7,21,5,14,9,13,25,4,20,19,10,15,8,12,16,26,3,24,27,28,29,18,30,Yes,cause,,disc,april,cola,chicken,thread,berry,visit,skirt,USA,alligator,,yellow,bee,four,,harp,warning,,,jewel,,fire,,,,,government,cow,coat,,,,dish,here,africa,sister,juvenile,piano,green,room,school,,infant,pull,long,,bank,,band,,bone,nurse,arm,,christ,cola,,brown,brown,,message,A2A0M30DSA7ZN
R_URRgQzNFZSAlnCF,3/22/2017 19:23,3/22/2017 19:39,1,,associative,40,25,55,35,80,90,45,60,15,50,60,40,85,95,90,60,30,80,40,55,90,,semantic,80,80,45,45,95,60,90,90,86,75,30,45,75,80,60,80,90,80,85,90,55,,thematic,55,85,60,95,60,90,95,85,80,80,90,95,100,75,100,50,90,90,95,95,90,,18,25,2,6,26,1,9,11,24,8,20,13,19,27,3,17,23,14,21,12,16,22,30,7,29,4,28,5,15,10,Yes,answer,horse,car,walk,apple,chicken,thread,orange,go,skirt,USA,alligator,perfume,yellow,hornet,four,booze,instrument,stop,coke,lift,jewel,couch,fire,hit,leap,belt,blood,government,cow,wet,bag,bread,coat,kitchen,here,Africa,Sister,juvenille,piano,yellow,shower,school,front,cuddle,pull,long,touch,band,fur,band,knife,bone,nurse,ankle,nail,Christ,apple,clean,brown,brown,Mind,jar,A1U8QI4H4ND1FP
R_3NIeS8XTX3dN3vW,3/22/2017 19:46,3/22/2017 20:00,1,,associative,60,39,38,39,4,70,12,24,22,48,33,48,67,80,60,50,1,8,11,59,26,,semantic,77,78,98,35,80,56,70,78,85,67,12,66,88,76,97,89,88,45,78,35,67,,thematic,77,86,33,67,70,89,90,99,77,56,65,97,76,34,99,55,76,60,45,34,85,,12,26,1,20,27,2,4,10,25,3,14,11,13,29,5,24,23,19,21,17,15,22,30,6,28,16,8,7,18,9,Yes,ANSWER,HORSE,CAR,WALK,APPLE,DUCK,VIOLIN,ORANGE,TRAILER,SKIRT,USA,ALLIGATOR,PERFUME,YELLOW,HORNET,FOUR,LIQUOR,STRING,STOP,NUN,LIFT,JEWEL,COUCH,OLYMPICS,AIR,LEAP,PURSE,BLOOD,PARTY,COW,BARREL,CLOTH,BREAD,COAT,KITCHEN,HERE,AFRICA,SISTER,JUVENILE,PIANO,BLONDE,SOAP,CHRISTIAN,FRONT,BLANKET,CATCH,LONG,FEEL,BANK,FUR,STICK,AX,BONE,NURSE,ARM,NAIL,CHRIST,APPLE,CLEAN,BROWN,YELLOW,THOUGHT,JAR,A1IQV3QUWRA8G1
R_1Cxu8RcdJYq7c5R,3/22/2017 19:54,3/22/2017 20:20,1,,associative,25,58,70,45,50,88,3,55,40,55,45,5,80,75,85,68,30,75,90,10,35,,semantic,70,90,70,20,100,95,100,100,100,100,30,75,50,40,60,70,100,60,100,30,100,,thematic,90,90,75,70,80,60,100,60,90,60,90,95,65,20,100,30,100,40,35,20,50,,16,25,1,19,26,4,8,11,24,7,18,15,12,30,6,23,22,13,20,14,17,21,27,5,29,3,9,2,28,10,Yes,LOGIC,CAR,CAR,WALK,APPLE,DUCK,THREAD,ORANGE,CAR,SKIRT,USA,ALLIGATOR,PERFUME,YELLOW,HORNET,FOUR,BOOZE,CELLO,STOP,RITUAL,LIFT,JEWEL,SOFA,OLYMPICS,AIR,LEAP,BUCKLE,BLOOD,GOVERNMENT,COW,SHOWER,BAG,BREAD,COAT,KITCHEN,HERE,AFRICA,SISTER,TEENAGER,PIANO,GREEN,TUB,SCHOOL,PACK,CUDDLE,PULL,LONG,TOUCH,,FUR,BAND,KNIFE,BONE,NURSE,ARM,NAIL,CHRIST,APPLE,CLEAN,BROWN,YELLOW,,JAR,A1O67YS3DU0ZHX
R_2rGcp8544MnvzL6,3/22/2017 20:33,3/22/2017 20:57,1,,associative,70,20,60,60,40,90,10,40,30,50,30,50,30,100,50,80,30,70,60,60,80,,semantic,60,40,90,10,90,90,50,90,90,90,30,50,50,80,40,60,80,50,90,30,50,,thematic,90,50,90,20,30,30,90,30,80,20,90,60,40,60,90,50,60,20,30,60,70,,9,10,1,11,15,3,6,12,13,14,24,22,26,28,5,19,18,20,16,23,25,27,30,7,29,4,8,2,21,17,Yes,attempt,car,car,protest,apple,chicen,drag,orange,world,skirt,Politics,alligator,perfume,orange,hornet,four,wine,harp,street,idea,around,jewle,couch,light,drag,long,tie,blood,America,cow,wet,bag,bread,coat,kitchen,here,Africa,sister,teeanger,violin,green,soap,school,,play,arm,long,touch,bank,fur,beats,knife,waist,nurse,arm,nail,Christ,apple,clean,brown,yellow,mind,drink,A2K56J9POYUFCA
R_1M4FaWgAuAxWq2n,3/22/2017 20:41,3/22/2017 21:10,1,,associative,meaning,bull ride,bus,april,juice,go,pepsi,up,beef,yarn,apple,journy,shirt,new york,shark,body spray,red,humming,six,cool drink,music,,semantic,neckless,sofa,games,car,up,land,vote,milk,umberlla,carry bag,rat,sheep,hotel,country,where,mother,teen age,7,shower,pink,stitch,,thematic,church,near,milk,throw,poison,feel,cash,funnel,music,weapon,nose,injection,shoulder,finger,heaven,orange,mough,green,beer,blue,thought,,6,7,1,8,9,4,10,11,12,13,14,15,16,17,5,18,19,20,21,22,23,24,25,26,27,3,28,2,29,30,Yes,answer,horse,both,month,apple,chicken,light,orange,bag,skirt,usa,alligator,perfume,yellow,hurnet,four,coke,instrument,stop,coke,lift,jewel,couch,olympic,air,leaf,land,blood,government,cow,wet,coke,cake,car,kitchen,here,africa,sister,girls,humming,blue,soap,school ,frond,cuddle,draw,long,mind,bank,fur,band,knief,bone,nurse,hand,drop,christ,apple,clean,brown,yellow,think,jar,AFUUPNBIKHRFZ
R_1jEfFgAjeHmnWHc,3/22/2017 21:00,3/22/2017 21:16,1,,associative,30,35,75,65,67,85,25,75,30,80,60,25,85,90,95,59,34,90,95,25,40,,semantic,20,80,20,20,85,60,100,95,90,90,30,40,90,10,60,90,95,60,85,40,10,,thematic,60,90,80,60,20,90,90,60,80,60,70,90,90,95,100,50,70,60,80,75,85,,16,27,1,18,28,4,6,12,26,7,19,13,21,10,11,25,24,17,23,14,20,22,30,5,29,3,8,2,15,9,Yes,Answer,Car,Car,Walk,Apple,Chicken,Yarn,Orange,Go,Skirt,USA,Alligator,Perfume,Yellow,Hornet,Four,Booze,Instrument,Stop,Coke,Grab,Jewels,Couch,Olympics,Push,Leap,Buckle,Blood,Government,Cow,Wet,Bag,Cake,Coat,Kitchen,Here,Africa,Sister,Juvenile,Piano,Blonde,Soap,Schoole,Front,Cuddle,Carry,Long,Touch,Bank,Fur,Band,Knife,Bone,Nurse,Hand,Nail,Christ,Soda,Clean,Brown,Yellow,Mind,Jar,A2QBFXY9UQMJTT
R_2TKSG7MW77dr8FH,3/22/2017 21:02,3/22/2017 23:38,1,,associative,70,70,50,60,40,60,40,70,60,65,70,60,80,90,75,85,60,70,95,70,80,,semantic,84,85,70,65,70,70,75,80,80,75,85,50,80,80,70,78,80,70,75,80,80,,thematic,70,80,75,80,90,85,88,75,90,80,90,95,80,85,99,75,80,75,85,85,80,,6,7,1,8,9,4,10,11,12,13,14,15,16,17,18,19,20,21,22,23,24,25,26,5,27,3,28,2,29,30,Yes,WHY,,,APRIL,SODA,CHICKEN,THREAD,,GO,SKIRT,USA,ALI,perfume,,,FOUR,DRIVE,GUITAR,LOOK,,LIFT,JEWEL,COUCH,,THRUST,,WATCH,,,,WET,,BREAD,,,HERE,AFRICA,SISTER,JUVANILE,,YELLOW,SOAP,SCHOOL,FRONT,HUG,TAKE,LONG,TOUCH,,,BASS,KNIFE,BONE,NURSE,ARM,NAIL,CHRIST,APPLE,CLEAN,brown,BLUE,MIND,JAR,A1WYMLB6C01ZUL
R_43e8SDs5PFzouu5,3/22/2017 23:42,3/22/2017 23:56,1,,associative,20,80,80,60,20,60,10,80,20,50,60,30,60,90,80,90,50,70,90,50,80,,semantic,70,80,20,30,40,70,80,80,30,20,40,30,80,40,40,50,40,50,40,80,50,,thematic,80,70,70,80,70,70,90,40,80,70,70,90,70,60,80,50,70,60,80,80,90,,11,23,1,14,24,3,6,8,22,7,17,9,13,26,5,21,19,10,18,12,16,27,28,4,25,2,29,20,30,15,Yes,doctor,car,car,april,flower,chicken,violin,banana,trip,skirt,usa,alligator,perfume,yellow,round,four,booze,instrument,petition,rabbit,bag,pride,pillow,airline,air,hill,watch,doctor,government,cow,water,bag,sticks,around,kitchen,they,africa,sister,age,hip,black,soap,church,front,cuddle,pull,poisonous,smell,note,mouse,instrument,animal,bone,nurse,watch,shoe,god,blossom,pollution,hair,blue,mind,water,A22847MKXI8ZYQ
R_2wv3r5HQwmCABIb,3/23/2017 0:02,3/23/2017 0:19,1,,associative,25,20,50,75,20,50,15,60,15,25,10,40,25,90,45,30,10,70,25,50,30,,semantic,45,20,75,25,45,20,20,3525,50,80,25,25,65,30,15,95,75,15,80,15,80,,thematic,45,65,70,60,45,45,90,85,85,25,60,90,85,70,95,25,60,75,65,25,35,,7,8,1,10,11,4,13,14,15,16,17,18,19,12,6,9,20,21,22,23,24,25,26,5,27,3,28,2,29,30,Yes,thinking,enjoy,car,april,kiss,moose,pull,orange,plane,skirt,Usa,alligator,perfume,yellow,hornet,four,booze,instrument,stop,soda,hold,royale,comfy,olympics,angry,leap,straight,blood,long,cow,umbrella,tacky,dairy,coat,kitchen,here,food,sister,juvenile,instrument,yellow,soap,school,bone,cuddle,pull,long,feel,bank,fur,band,break,bone,sick,arm,thumb,christ,kiss,vacuum,brunette,yellow,bright,opener,A2HSRTR5V9B6VA
R_1FFIUJ5D6hQjjuH,3/23/2017 1:49,3/23/2017 2:15,1,,associative,40,35,30,25,25,45,20,50,50,80,25,75,50,100,75,85,40,45,75,90,75,,semantic,85,75,75,80,75,90,100,100,90,90,75,50,80,100,100,,50,50,50,100,75,,thematic,70,100,90,80,50,80,90,85,50,60,70,95,90,50,100,90,90,95,80,100,100,,6,7,2,8,9,4,10,11,12,13,14,15,16,17,18,19,20,21,22,23,24,25,26,5,27,3,28,1,29,30,Yes,what,horse,car,walk,fruit,chicken,guitar,juce,plane,skirt,usa,reptile,perfume,pencil,bees,four,wine,music,paper,form,bag,jewel,couch,light,power,up,tight,blood,government,cow,wet,bag,milk,hat,food,four,europe,sister,juvenile,sound,black,soap,church,front,boy,held,long,touch,wealth,fur,beat,wood,bone,nurse,hand,suit,christ,red,clean,brown,yellow,creative,glass,A2VI55LKT5L4KB
R_3DdPkuy3z76XAis,3/23/2017 2:06,3/23/2017 2:55,1,,associative,90,40,90,45,75,70,12,70,75,85,30,80,65,75,85,80,10,35,97,90,70,,semantic,15,10,20,25,90,45,95,55,85,90,5,75,15,7,75,95,80,20,15,5,30,,thematic,80,97,80,55,70,98,95,85,70,70,70,80,95,70,85,35,70,65,50,50,80,,,,,,,,,,,,,,,,,,,,,,,,,,,,,,,,No,,safe,mirror,walk,apple,duck,thread,apple,vacation,skirt,usa,alligator,odor,yellow,bee,four,drink,music,stop,coke,gun,jewel,couch,flame,air,SKIP,buckle,,trash,cow,wet,bag,slice,hood,bake,here,africa,sister,teen,violoin,black,bubbles,church,front,giggle,crab,rat,TOUCH,bank,fur,band,axe,hop,patient,ANKLE,tic,Christ,apple,dirt,burnette,yellow,plan,wine,A2SKV4XPYZ303H
R_3O7wD2p1HOeMe1a,3/23/2017 20:37,3/23/2017 20:47,1,,associative,60,80,90,80,75,90,20,80,50,80,80,40,70,90,80,50,30,75,90,80,60,,semantic,90,80,80,80,95,70,90,90,90,95,80,80,90,80,90,95,95,70,90,85,90,,thematic,95,80,70,80,75,100,95,80,80,100,100,95,95,90,100,80,50,90,95,95,90,,15,26,1,20,27,4,8,11,25,7,19,12,18,29,6,24,23,14,21,13,17,22,30,5,28,3,9,2,16,10,Yes,thought,horse,car,walk,coke,chicken,thread,orange,plane,skirt,USA,alligator,perfume,yellow,hornet,four,booze,instrument,advertisement,coke,lift,jewel,couch,olympics,push,leap,belt,blood,government,cow,wet,bag,wheel,cod,kitchen,here,Africa,sister,youth,piano,blonde,soap,school,front,cuddle,pull,long,touch,bank,fur,band,knife,bone,nurse,arm,pin,Christ,coke,clean,brown,yellow,thought,jar,A20BO26HMZ8EA7
R_x3JyUYXFH0sxcBP,3/23/2017 21:38,3/23/2017 22:18,1,,associative,90,100,95,100,0,90,80,100,0,100,90,100,80,100,100,100,90,80,100,90,100,,semantic,100,100,100,100,0,100,100,100,100,100,100,100,90,90,90,100,90,100,100,90,90,,thematic,90,70,100,90,80,100,90,90,90,80,70,90,100,80,100,90,80,100,100,100,100,,12,16,2,17,18,1,8,10,19,7,14,11,13,20,6,21,22,23,15,24,25,26,27,5,28,4,29,3,30,9,Yes,answer,horse,car,walk,soda,chicken,Thread,orange,go,skirt,USA,alligator,perfume,yellow,hornet,four,booze,instrument,stop,coke,lift,jewel,couch,olympics,air,leaf,buckle,Blood,Government,cow,wet,bag,bread,coat,kitchen,Here,Africa,sister,juvenile,piano,green,soap,shcool,front,cuddle,pull,long,touch,bank,fur,band,knife,bone,nurse,arm,Nail,christ,apple,clean,brown,yellow,Mind,jar,A10QUVJBDFSJYH
R_1LRTiJ0KZbX4WK1,3/24/2017 1:32,3/24/2017 1:51,1,,associative,Question,Trip,Bike,Run,Rum,Go,Caffeine,Push,Turkey,Needle,Apple,Ride,Blouse,United States,Reptile,Deodrant,Blue,Bike,Five,Choose,Piano,,semantic,Treasure,Pillow,Run,Push,Run,Hook,States,Goat,Water,Rack,Burger,Blazer,Chef,America,Where,Mother,Custody,1,Shampoo,Blue,CT Scan,,thematic,dorm,side,cute,push,poisonous,feel,cash,squirrel,orchestra,sword,jaw,patient,HAND,fingers,god,mango,brush,beautiful,store,blue,brain,,6,7,1,8,9,4,10,11,12,13,14,15,16,17,18,19,20,21,22,23,24,25,26,5,27,3,28,2,29,30,Yes,Answer,horse,archaic,Madness,apple,Duck,thread,apple,journey,Code,United States,Alligator,Deo,Colors,Insect,four,Wine,Piano,Acknowledgement,practice,push,king,Pillow,fire,Push,Run,Hook,Patient,government,cow,wet,rack,Burger,Town,chef,where,America,Sister,youngster,Violin,blue,Soap,Religion,Front,Boy,Pick,Poisonous,Feel,Finance,Fur,Stick,Knife,Hop,Nurse,hand,nail,god,Apple,broom,beautiful,blue,plan,Wine,A8WLCSZLNZ8BL
R_1PSoEm8hFdnFtyK,3/25/2017 21:57,3/25/2017 22:12,1,,associative,80,20,25,25,50,75,10,80,80,80,50,25,25,90,90,90,10,90,50,40,50,,semantic,90,90,25,75,80,75,95,90,90,80,50,10,95,40,90,95,90,50,80,10,75,,thematic,10,95,20,95,10,80,90,80,60,40,90,90,60,60,90,60,95,50,75,20,70,,14,17,1,16,18,4,7,10,19,20,21,12,22,23,6,24,25,13,26,11,15,27,28,5,29,3,8,2,30,9,Yes,decision,horse,car,coat,soda,duck,threat,orange,go,skirt,united,alligator,fragrance,yellow,hornet,four,beer,piano,stop,coke,lift,jewels,sofa,olympics,air,high,belt,blood,president,cow,wet,bag,wine,coat,food,here,africa,sister,juvenile,piano,yellow,soap,school,arm,bottle,pull,long,touch,bank,coat,piano,knife,leg,hospital,arm,nail,christ,soda,clean,brown,brown,thought,jar,A14NP6X071S7GK
R_2dNgYsXNIkVyhSg,3/22/2017 16:00,3/22/2017 16:11,1,,thematic,10,70,22,35,24,22,42,38,23,25,23,12,62,85,18,15,60,31,25,45,45,,associative,10,33,50,5,70,15,65,75,55,25,40,20,70,15,20,80,30,10,75,10,25,,semantic,35,20,50,55,10,85,65,85,75,15,55,25,90,78,85,55,75,30,60,45,55,,12,13,1,15,16,4,8,10,17,7,18,11,19,20,6,21,22,23,24,14,25,26,27,5,28,3,29,2,30,9,Yes,Answer,Car,Car,Band,Apple,Duck,Thread,Cherry,Time,Coat,United States,Alligator,Pefume,Pen,Bee,Four,Beer,Piano,Stop,Job,Drag,Jewel,Couch,Olympics,Air,Leap,Belt,Blood,Government,Cow,Coat,Bag,Bread,Coat,Kitchen,Here,Africa,Sister,Young,Piano,Blone,Soap,Church,Front,Bottle,Pull,Long,Answer,Bank,Coat,Band,Knife,Bone,Nurse,Arm,Nail,Christ,Pear,Clean,Brown,Yellow,Thought,Jar,APR6H3HAOE9OU
R_2theFPWMlvccVyp,3/22/2017 16:00,3/22/2017 16:13,1,,thematic,100,100,30,100,30,100,30,30,30,30,100,100,100,100,100,100,50,100,30,30,100,,associative,100,50,100,30,30,50,100,100,100,30,20,30,100,50,100,30,50,30,30,30,30,,semantic,50,30,40,40,20,40,20,30,40,20,100,50,40,50,100,30,40,40,30,40,50,,13,14,1,15,16,4,8,11,17,7,18,12,19,20,6,21,22,23,24,25,26,27,28,5,29,3,9,2,30,10,Yes,Idea,Car,Makeup,Band,Red,Duck,Knot,Cherry,Bag,Skirt,United States,Alligator,Candle,Yellow,Hornet,Four,Alcohol,Harp,Stop,Break,On,Jewel,Couch,Flame,Strength,Leap,Buckle,Blood,Government,Cow,Wet,Lunch,Mouse,Coat,Kitchen,Here,Africa,Sister,Juvenile,Piano,Green,Sink,School,Front,Mother,Pull,Reptile,Touch,Cash,Fur,March,Knife,Knee,Nurse,Arm,Nail,Christ,Red,Bunny,Brown,Yellow,Light,Neck,A34VLM2UC0JY11
R_28A1IRLqOesehcM,3/22/2017 16:01,3/22/2017 16:17,1,,thematic,100,100,100,80,50,100,10,100,0,80,100,100,100,100,100,100,50,50,0,100,100,,associative,80,10,100,10,100,100,100,100,50,90,10,50,100,0,90,100,90,0,70,0,10,,semantic,50,0,100,70,100,100,100,50,90,50,90,80,100,90,100,0,90,0,40,0,100,,12,23,1,17,24,3,7,8,22,6,16,10,15,25,5,21,20,11,18,9,14,19,26,4,27,2,28,13,29,30,Yes,answer,,car,walk,coke,duck,thread,orange,go,pants,USA,alligator,perfume,yellow,hornet,Four,booze,harp,stop,soda,lift,jewels,couch,Olympics,air,sprint,belt,blood,government,cow,Wet,bag,bread,,,here,,sister,juvenile,instrument,green,soap,school,Front,cuddle,Pull,long,touch,Bank,Fur,instrument,knife,bone,nurse,arm,nail,Christ,Coke,clean,brown,brown,mind,jar,A3KOT3B7E14QGF
R_vV4FRrq3IzoMU1j,3/22/2017 16:01,3/22/2017 16:17,1,,thematic,20,80,20,10,50,60,20,20,20,50,30,30,20,50,30,20,30,30,10,30,20,,associative,50,30,50,30,50,30,50,20,60,50,50,20,50,30,80,80,30,50,30,20,20,,semantic,30,50,30,50,50,80,30,20,60,30,10,50,20,20,90,60,50,50,70,50,50,,13,9,1,8,11,4,6,7,10,12,14,15,16,17,18,19,20,21,22,23,24,26,27,5,25,3,28,2,29,30,Yes,excuse,horse,bag,line,apple,chick,length,apple,go,shirt,usa,crawl,no,yellow,no,four,sober,instrument,stop,no,over,jewlery,couch,olympics,air,leap,no,blood,government,cow,wet,bag,bread,no,pan,here,africa,sister,juvelley,no,sugar,soap,school,no,boy,get,long,touch,bank,no,no,hat,hop,nurse,band,no,christ,fruit,dirt,green,red,mind,no,A66GVEZ7BBLH
R_ysj74hjmvyqaKZ3,3/22/2017 16:02,3/22/2017 16:19,1,,thematic,75,90,60,60,30,50,40,70,20,60,80,60,80,80,60,90,30,70,60,90,80,,associative,90,70,80,10,40,60,90,90,50,60,40,20,50,10,90,95,50,20,40,20,40,,semantic,30,20,60,50,40,80,80,90,70,80,60,75,70,80,90,40,15,20,80,20,50,,11,21,1,15,22,2,6,7,20,5,14,9,13,23,4,19,18,10,16,8,12,17,24,3,25,26,27,28,29,30,Yes,Explanation,Train,Small,Walk,Soda,Chicken,Yarn,Orange,go,Skirt,USA,Alligator,Perfume,Yellow,hornet,four,Booze,harp,Stop,Coke,Lift,Jewel,Couch,olympics,Brute,Skip,Belt,Blood,government,Cow,Wet,Bag,Melt,Coat,kitchen,Hear,Africa,Sister,Juvenile,Piano,Green,soap,School,Front,Cuddles,Pull,Long,Common,Pay,Fur,Band,Knife,Hop,Nurse,Arm,Nail,Christ,Soda,Clean,brown,Yellow,think,Jar,A2STV4R3CTG89B
R_3kp3QNAR1TRfNvb,3/22/2017 16:02,3/22/2017 16:20,1,,thematic,80,75,85,90,60,85,90,85,90,90,95,90,90,99,90,85,60,75,95,80,95,,associative,90,95,85,70,90,99,90,90,95,,90,90,95,90,80,95,9,90,90,96,90,,semantic,75,90,90,95,50,90,95,90,90,75,85,90,90,85,99,90,98,80,90,95,80,,10,11,1,12,8,2,7,9,13,6,14,15,17,18,5,19,20,26,21,22,23,24,25,4,27,3,28,16,29,30,Yes,LOgic,Horse,Car,July,Truit,Egg,Guitar,Cherry,Fly,Skirt,United States,Alligator,Cologne,Yellow,Be,Numbr,Beer,String,Leter,Bad,Lift,Jewel,Pillow,Fire,Push,High,Guitar,Doctor,Pres8dent,Horse,Check,Bag,Block,Coat,Chef,Here,Africa,Sister,Juvenile,Piano,Bag,Soap,Priest,Front,Bottle,Pull,Long,Smell,Bill,Coat,Band,Knife,Hop,Nurse,Arm,Pin,Christ,Pie,Pan,Woman,Crayon,Think,Milk,AQY75M3TZJ54B
R_1eQwqIY2nL2ZXpo,3/22/2017 16:00,3/22/2017 16:21,1,,thematic,40,50,60,60,40,70,30,75,60,60,70,60,80,90,90,80,80,95,70,80,70,,associative,90,90,70,60,90,60,100,90,95,95,50,70,95,30,90,80,100,50,90,50,75,,semantic,70,60,70,60,50,90,80,85,80,70,75,70,60,80,90,30,80,30,80,70,90,,7,8,1,16,9,3,5,6,17,4,12,10,11,20,18,19,15,22,14,21,23,13,24,25,26,27,28,2,29,30,Yes,cause,horse,car,walk,apple,duck,thread,tree,go,skirt,USA,alligator,perfume,yellow,hornet,four,booze,instrument,stop,routine,lift,jewel,couch,olympic,air,leap,buckle,blood,government,cow,wet,bag,bread,coat,kitchen,here,Africa,sister,juvenile,piano,yellow,soap,school,front,snuggle,pull,long,touch,bank,fur,band,knife,bone,nurse,arm,sail,christ,apple,clean,ash,brown,brain,jar,ADY44EV3GCW85
R_2QxHoHF7yQI49nX,3/22/2017 16:01,3/22/2017 16:27,1,,thematic,90,100,100,100,70,100,100,100,50,100,80,100,90,100,100,100,100,50,50,60,100,,associative,100,50,50,50,100,50,50,50,50,50,50,50,50,50,50,100,100,50,50,50,50,,semantic,50,50,100,50,90,90,100,90,90,50,90,90,80,80,100,50,100,50,99,50,100,,5,6,1,12,13,2,10,14,16,9,17,15,18,19,8,20,21,22,23,24,25,26,27,7,28,4,29,3,30,11,Yes,Answer,car,car,walk,Orange,chicken,guiter,Orange,go,skirt,US,Aligater,perfum,yellow,now,four,water,Instrument,stop,dance,lift,King,Couch,lamp,free,climb,Music,blood,answer,House,wet,Table,bread,town,Kitchen,here,Africa,sister,juvenile ,Instument,Blonde,Soap,school,Front,credle,throw,bread,Human,bank,bolttle,instument,hat,hop,nurse,Ankel,music,christ,Orange,Bin,Brown,yellow,brain,jar,A3AP945PW3X36Y
R_3g8cmDzpRlDcnd4,3/22/2017 16:20,3/22/2017 16:32,1,,thematic,70,60,70,80,60,80,70,80,30,80,80,70,80,90,70,80,70,90,60,80,90,,associative,90,60,90,50,60,80,80,80,95,90,80,60,70,40,40,80,70,20,90,50,70,,semantic,30,0,50,80,80,50,80,80,75,95,80,60,70,50,90,40,60,10,70,10,70,,12,23,3,14,24,2,7,8,22,6,17,9,16,26,5,21,20,10,18,11,15,19,27,4,25,1,13,28,29,30,Yes,answer,die,car,walk,pie,duck,ribbon,loom,abroad,coat,usa,alligator,smell,yellow,bee,four,booze,instrument,stop,coke,on,jewel,seat,olympics,air,leap,on,blood,government,cow,wet,sock,bread,cod,kitchen,here,africa,sister,child,piano,blonde,soap,school,front,cuddle,pull,long,smell,bank,fur,instrument,knife,bone,strange,arm,nail,christ,pie,clean,brown,yellow,mind,jar,A1CC1ESUM2JWJ2
R_1diUi5BZiNRlOd7,3/22/2017 16:00,3/22/2017 16:38,1,,thematic,50,50,70,60,60,40,50,50,50,60,90,80,90,90,90,70,80,50,80,80,60,,associative,80,70,90,90,80,70,100,70,90,50,80,60,80,90,90,90,70,60,90,80,60,,semantic,50,90,100,70,70,100,50,60,50,50,0,30,70,40,80,90,60,80,60,50,90,,10,12,1,13,14,3,8,15,16,7,17,18,19,20,6,21,22,23,24,25,26,27,28,5,29,4,9,2,30,11,Yes,point,horse,powder,walk,fruit,boost,art,orange,go,cloth,asia,alligator,smell,yellow,nest,four,drum,instrument,stop,practice,switch,jewelry,sofa,light,strength,rope,bra,doctor,goverment,cow,water,cloth,,hat,food,here,africa,sister,minor,glass,bonde,soap,culture,front,cuddle,pull,chain,touch,bank,coat,band,peak,bone,nurse,watch,trail,christ,fruit,clean,brown,red,mind,jar,A24FJON79XRNJ4
R_2CJ5abygvrVHFXf,3/22/2017 16:24,3/22/2017 16:53,1,,thematic,100,100,0,0,100,0,100,0,0,100,100,100,0,100,100,100,0,100,100,0,100,,associative,100,0,0,100,0,0,100,0,0,100,100,0,100,100,100,100,0,100,100,100,100,,semantic,100,1,100,0,100,100,100,50,100,0,0,100,0,0,100,100,100,100,100,100,100,,6,13,1,17,12,2,10,8,22,7,19,9,18,16,14,21,23,11,15,20,28,29,24,5,25,3,30,4,27,26,Yes,answer,horse,car,walk,soda,duck,thread,juice,go,female,USA,coke,perfume,orange,ship,free,booze,instrument,stop,coke,lift,brown,cut,olympics,air,them,wrost,opperation,government,caon,brain,shoe,bread,dress,kitchen,here,africa,sister,adult,hose,jewel,jug,school,front,cuddle,seize,long,touch,bank,mid,band,knife,cap,nurse,arm,nail,christ,apple,clean,brown,yellow,mind,jar,A30N5H4N4C22N8
R_yTRrun6KycTg3GF,3/22/2017 16:02,3/22/2017 16:57,1,,thematic,50,30,70,70,20,50,20,70,40,80,80,50,70,100,80,60,30,90,20,100,80,,associative,40,50,60,70,90,60,100,100,100,100,70,80,90,10,60,60,60,30,70,0,50,,semantic,30,50,30,60,90,50,80,70,50,30,20,60,40,70,100,30,30,10,20,10,100,,,,,,,,,,,,,,,,,,,,,,,,,,,,,,,,No,answer,horse,car,april,soda,duck,thread,apple,plane,skirt,usa,alligator,perfume,yellow,hornet,four,beer,music,stop,coke,hold,jewels,sofa,olympics,air,leap,bag,cut,government,cow,wet,bag,wine,jacket,chef,here,africa,sister,juvenile,piano,green,soap,school,front,cuddle,pull,long,smell,green,fur,band,knife,bone,nurse,arm,nail,christ,soda,clean,brown,brown,mind,jar,A1KAIOBTXQ77A6
R_2y3DBds8Wh3Vkd5,3/22/2017 16:20,3/22/2017 17:03,1,,thematic,40,98,40,50,40,75,5,98,70,98,100,70,75,100,90,95,76,100,75,95,100,,associative,90,90,90,90,90,90,95,95,95,95,45,75,90,95,95,98,95,40,90,5,90,,semantic,10,90,80,98,70,90,95,90,98,98,90,85,95,90,100,80,95,50,60,80,60,,11,12,1,13,14,4,7,15,16,8,17,18,19,20,6,21,22,23,24,25,26,27,28,5,29,3,9,2,30,10,Yes,answer,horse,car,walk,apple,chicken,thread,ORANGE,n/a,skirt,usa,aligator,perfume,yellow,hornet,four,booze,instrument,stop,coke,lift,jewel,couch,olympics,air,leap,buckle,blood,government,cow,wet,bag,bread,coat,kitchen,here,africa,sister,juvenile,piano,green,soap,school,front,cuddle,pull,long,touch,bank,fur,band,knife,bone,nurse,arm,nail,christ,soda,clean,brunette,brown,mind,jar,A8R7DO53PX6G9
R_1erPhYhHgxhcXRL,3/22/2017 18:53,3/22/2017 19:28,1,,thematic,80,80,70,90,40,90,70,90,30,90,100,90,90,100,30,100,90,30,80,100,90,,associative,80,70,60,80,80,80,80,60,50,70,90,50,80,20,30,60,40,10,80,10,80,,semantic,70,50,90,80,90,90,100,80,100,70,80,80,90,90,100,40,40,60,90,30,100,,7,8,1,9,10,4,11,12,13,14,15,16,17,18,6,19,20,21,22,23,24,25,26,5,27,3,28,2,29,30,Yes,Answer,,,,Apple,Chicken,,Orange,Go,Skirt,USA,Alligator,Perfeum,,Hornet,,Booze,,Stop,Coke,,Jewel,Couch,Olympics,Air,Leap,Buckle,Blood,Government,Cow,Wet,,Bread,,Kitchen,Here,Africa,Sister,,Piano,,,School,Front,,Pull,Long,Touch,,Coat,Band,Knife,Bone,Nurse,,,Christ,Apple,Clean,Brown,Yellow,Mind,Jar,A7HDYVFP9N2Z1
R_3HRZodVl0L9eNXP,3/22/2017 21:05,3/22/2017 21:19,1,,thematic,100,100,50,100,100,100,100,100,50,100,100,100,100,100,100,100,100,100,100,100,100,,associative,100,100,100,100,100,100,100,50,50,50,100,100,50,100,100,50,50,50,100,50,100,,semantic,70,100,0,50,0,80,60,70,60,70,80,50,50,80,100,50,0,50,70,50,50,,10,11,1,12,13,4,8,14,15,7,16,17,18,19,6,20,21,22,23,24,25,26,27,5,28,3,29,2,30,9,Yes,answer,bike,car,walk,soda,chicken,thread,ninja,time,skirt,united state,alligator,perfume,yellow,hornet,four,booze,player,post,cke,on,prince,sofa,olympics,man,jack,buckle,operation,governement,cow,pour,shit,burger,down,chicken,here,africa,sister,teen,piano,yellow,soap,school,front,boy,lift,long,overload,mind,fur,band,knife,hop,strange,band,nail,christ,soda,mite,brown,park,thought,jar,A2SFM9JT2B3SWX
R_1IRkkrWOYvslTol,3/22/2017 21:04,3/22/2017 21:22,1,,thematic,60,90,30,60,30,80,60,50,30,50,70,90,40,70,50,80,40,20,20,70,60,,associative,50,70,70,50,50,50,80,70,70,80,60,40,60,5,80,60,40,50,50,10,60,,semantic,50,50,50,50,50,60,60,70,70,80,70,80,50,60,100,60,20,70,80,50,70,,11,26,1,18,27,2,6,7,25,4,15,9,14,29,3,24,21,10,19,8,13,20,30,5,28,16,22,17,12,23,Yes,Idea,Bike,Car,Walk,Grape,Duck,Thread,Orange,Asia,Skirt,USA,Alligator,Smell,Yellow,Hornet,Four,Booze,Instrument,Store,Bad,Lift,Jewel,Couch,Olympics,Push,Leap,Buckle,Blood,Government,Cow,Wet,Bag,Bread,Coat,Kitchen,Here,Africa,Sister,Juvenile,Piano,Purple,Shower,School,Front,Cuddle,Pull,Long,Thought,Time,Fur,Band,Knife,Bone,Nurse,Arm,Nail,Christ,Grape,Clean,Brunette,Yellow,Mind,Jar,AN098C29EGJ6
R_1mqrTkimQdrCtfj,3/22/2017 21:07,3/22/2017 21:24,1,,thematic,25,100,60,45,15,60,50,75,20,80,30,60,60,95,60,80,15,85,70,100,25,,associative,85,95,70,60,85,60,90,90,100,90,85,4,98,2,100,100,97,8,95,2,100,,semantic,0,50,20,80,25,85,80,75,25,40,60,80,75,90,95,20,60,50,80,50,75,,11,15,1,13,17,4,7,8,18,6,12,9,19,20,21,22,23,10,14,24,25,16,26,5,27,3,28,2,29,30,Yes,Unsure,Horse,Car,Band,Apple,Hen,Cheese,Bowl,Stay,Skirt,Usa,Alligator,Smell,Yellow,Bee,Four,Booze,Instrument ,Stop,Forming,Lift,Jewel,Couch,Olympics,Strong,Rope,Buckle,Blood,Government ,Cow,Wet,Bag,Bread ,Cod,Kitchen,Here,Africa,Sister,Juvenile ,Flute,Green,Tub,School,Forth,Face,Pinch,Long,Smell,Belt,Fur,Kit,Knife,Bone,Nurse,Arm,Nail,God,Cola,Bunny,Hair,Leaf,Mind,Top,AL1DIODXTDA89
R_1itiKPzutsMUXYO,3/22/2017 21:41,3/22/2017 22:35,1,,thematic,100,100,100,100,0,100,50,100,100,100,100,100,100,100,50,100,100,60,90,80,100,,associative,100,100,50,100,80,100,100,100,100,100,90,100,100,70,100,100,70,90,100,80,100,,semantic,80,100,100,100,100,100,100,100,100,100,100,100,100,100,100,90,100,100,100,70,100,,13,23,1,15,24,3,7,9,22,6,16,10,18,25,5,21,20,14,19,11,17,26,27,4,28,12,29,2,30,8,Yes,answer,horse,car,walk,Apple,chicken,thread,orange,go,skirt,usa,Alligator,perfume,yellow,Hornet,four,booze,Instrument,stop,Coke,LIFT,jewel,Couch,Olympics,Air,Leap,buckle,Blood,Government,cow,wet,Bag,Bread,coat,kitchen,here,Africa,Sister,Juvenile,Piano,green,soap,school,front,Coke,pull,long,touch,bank,Fur,band,knife,Bone,nurse,arm,nail,christ,Apple,clean,Brown,Yellow,Mind,Jar,A2U01ZSNRCSV3V
R_2tm9DYDMzvjNjqr,3/22/2017 22:52,3/22/2017 23:07,1,,thematic,75,50,75,75,75,50,50,50,50,50,75,75,50,75,50,75,50,50,50,50,25,,associative,25,75,50,50,75,75,75,25,75,75,50,75,25,50,75,75,50,5,25,50,50,,semantic,10,50,25,50,50,75,100,25,50,25,25,100,75,5,100,100,50,75,50,75,75,,9,14,1,12,15,3,6,7,13,5,11,8,10,16,17,18,19,20,21,22,23,24,25,26,27,4,28,2,29,30,Yes,Mind,Back,Grab,April,Apple,Bumps,Back,Orange,Country,Clothes,USA,Animal,Make,Write,Misk,Four,Food,Band,Petition,Feel,Bag,Kinf,Chair,Light,Grab,Walk,Leg,Doctor,Feel,Seen,Sun,Bag,Cake,Town,Paper,Four,Europe,Sister,Child,Sharp,Blonde,Soap,School,Front,Cuddle,Compact ,Long,Toutch,Bank,Fisk,Stick,Knife,Hop,Nurse,Arm,Tick,Christ,Apple,Clean,Brown,Yellow,Mind,Flask,A3GOEJ12CN4Z54
R_3CIy1GnFUd5UD9p,3/22/2017 23:19,3/22/2017 23:38,1,,thematic,100,100,0,100,50,100,100,100,100,100,100,100,100,100,100,100,100,80,100,100,100,,associative,100,100,100,80,100,100,100,100,100,100,1p0,100,100,100,100,100,100,80,100,100,100,,semantic,0,0,100,30,20,100,60,70,10p,80,100,70,100,80,100,60,0,100,100,0,40,,7,21,1,11,20,2,4,5,19,3,10,6,8,22,9,18,17,14,12,13,15,16,23,24,25,26,27,28,29,30,Yes,Answer,Horse ,Car,Walk ,Apple ,Duck ,Thread ,Orange,Go,Skirt,Usa,Alligator ,Perfume ,Yellow,Hornet,Four,Beer,Guitar ,Stop,Curv,Lift,Gold,Couch,Light,Air,Long,Buckle ,Blood,Government ,Cow,Wet,Bag,Bread,Town ,Kitchen ,Here,Africa ,Sister ,Juvenile,Horn,Blonde ,Soap ,School,Front,Cuddle ,Pull,Long,Touch,Bank,Wape,Band,Knife,None,Nurse ,Arm ,Travel ,Christ,Apple,Clean ,Brown ,Yellow,Mind,Jar,A2V9QJ90P9WHXW
R_2oDEu6CnjyFoadP,3/23/2017 2:26,3/23/2017 2:45,1,,thematic,80,70,60,70,30,70,70,85,60,90,90,85,90,100,80,90,60,80,80,100,90,,associative,90,80,80,80,80,85,90,80,100,70,95,80,95,80,85,100,70,85,100,50,80,,semantic,30,50,70,80,80,90,95,40,80,60,80,85,80,80,100,60,50,75,70,60,95,,11,12,1,13,14,4,8,10,15,7,16,17,18,19,6,20,21,22,23,24,25,26,27,5,28,3,29,2,30,9,Yes,answer,horse,car,walk,apple,hen,thread,orange,go,frock,USA,alligator,perfume,yellow,hornet,four,booze,harp,stop,coke,grab,jewel,couch,olympics,air,leap,buckle,blood,government,cow,wet,bag,bread,town,kitchen,here,Africa,sister,juvenile,violin,green,soap,school,front,cuddle,hold,long,touch,bank,fur,band,knife,bone,nurse,arm,tick,christ,apple,clean,brown,brown,brain,jar,A19CKDMMK8Z6QC
R_1r7BNEOESYElB1B,3/23/2017 3:40,3/23/2017 4:05,1,,thematic,40,90,40,60,60,30,30,20,30,50,100,40,70,100,80,90,40,90,70,80,90,,associative,80,80,40,90,60,40,100,30,90,60,50,60,90,90,100,100,60,50,90,30,80,,semantic,60,0,30,10,80,80,90,30,50,30,40,80,20,40,95,10,30,0,50,40,80,,12,13,1,14,15,4,8,16,17,7,18,19,20,21,6,22,23,24,25,11,26,27,28,5,29,3,9,2,30,10,Yes,Excuse,Car,Small,April,Soda,Chicken,Knit,Orange,Plane,Suit,USA,Alligator,Perfume,Green,Honeycomb,Four,Alcohol,Arp,Stop,Coke,Pull,Jewel,Couch,Olympics,Strong,Leap,String,Blodo,Goverment,Cow,Wet,Back,Bread,Coat,Kitches,Here,Africa,Sister,Juvenile,Violin,Blonde,Water,School,Front,Girl,Take,Long,Touch,Banks,Fur,Band,Knife,Bone,Nurse,Arm,Nail,Christ,Coke,Dirt,Brown ,Blue,Bright,Glass,A2Y105ODF4S5DF
R_sNivNAEdPW5z0tj,3/23/2017 21:32,3/23/2017 22:07,1,,thematic,100,100,100,100,0,100,80,100,100,100,100,100,100,100,50,100,80,60,80,100,100,,associative,100,100,100,100,90,100,100,100,100,100,100,100,100,50,80,100,60,100,100,70,100,,semantic,60,100,100,100,100,100,100,100,100,100,100,100,100,100,100,100,100,100,100,50,100,,11,15,2,4,5,1,7,8,14,6,13,9,12,16,3,17,18,10,19,20,21,22,23,24,25,26,27,28,29,30,Yes,answer,horse,car,walk,apple,chicken,thread,orange,go,skirt,USA,Alligator,perfume,yellow,hornet,four,booze,instrument,stop,coke,lift,jewel,couch,olympics,air,leap,buckle,blood,government,cow,wet,bag,bread,,kitchen,here,africa,sister,Juvenile,Piano,green,soap,school,front,cuddle,pull,long,touch,bank,fur,band,knife,bone,nurse,arm,nail,christ,soda,clean,brown,yellow,mind,jar,A13WM9LF6I8G4T
R_1TihiQKiBCzuYzD,3/23/2017 22:15,3/23/2017 22:35,1,,thematic,75,50,50,85,0,85,50,90,50,85,100,85,100,85,85,95,90,25,75,50,100,,associative,85,100,25,85,75,85,100,85,85,100,100,50,100,100,100,100,75,20,100,100,50,,semantic,75,0,75,75,50,85,100,25,85,50,85,75,75,25,100,85,85,50,85,75,90,,8,9,4,11,12,3,7,13,15,10,16,17,18,14,6,19,20,21,22,23,24,25,26,5,27,2,28,1,29,30,Yes,cause,horse,house,april,fruit,berry,rod,orange,long,skirt,USA,allegator,perfume,colors,bee,four,scotch,guitar,petition,childhood,take,jewel,couch,olympics,pull,leap,buckle,patient,government,cow,wet,bag,bake,town,book,here,africa,sister,child,park,black,sun,school,front,cry,pull,long,touch,bank,blink,beat,chain,hop,nurse,watch,tick,christ,berry,allrgy,skin,blue,best,jar,A33KTU8KJ5CP2T
R_1KwDzXFAQxbVzlQ,3/22/2017 16:00,3/22/2017 16:11,1,,semantic,100,100,100,100,25,100,10,25,100,100,50,50,50,100,100,100,25,50,50,100,100,,thematic,100,100,100,100,100,50,100,100,100,50,50,50,50,50,100,100,100,50,10,100,100,,association,100,50,100,50,100,50,100,100,50,50,50,100,50,100,100,50,50,100,100,25,50,,11,19,1,15,20,2,6,8,18,5,13,9,12,21,4,17,16,10,22,23,14,24,25,3,26,27,28,7,29,30,Yes,answer,share,car,walk,pie,chicken,yarn,apple,go,skirt,Country,aligator,smell,yello,hornet,four,booze,instrument,stop,coke,stay,jewels,pin,light,air,seat,rope,cut,government,cow,shine,cloth,cake,may,clean,here,country,sister,young,instrument,green,body,school,front,cuddle,go,long,smell,change,fur,band,knife,bone,nurse,bone,pin,Christ,red,clean,brown,grass,thought,soda,A1WXV3LFX2G22
R_2AM8L5hkhkbwp3N,3/22/2017 16:00,3/22/2017 16:13,1,,semantic,75,60,80,75,45,100,75,30,10,70,55,100,70,45,90,100,75,30,40,55,100,,thematic,100,80,100,35,20,75,100,65,60,60,100,40,100,100,50,100,30,20,60,100,85,,association,40,90,75,60,165,45,100,40,75,65,40,90,30,40,100,20,75,20,25,20,40,,12,18,1,16,19,4,8,9,17,7,14,10,13,20,6,21,22,11,23,15,24,25,26,5,27,3,28,2,29,30,Yes,excuse,horse,mirror,band,lime,chicken,bean,cherry,ban,skirt,flag,alligator,perfume,pen,hornet,four,beer,music,stop,chore,scoop,king,sofa,fire,shake,leap,grab,blood,leader,cow,shine,potato,wine,crown,roast,then,china,sister,child,violin,green,wash,chruch,front,mohter,hold,long,time,bank,fur,compose,ax,hop,nurse,watch,run,christ,soda,clean,brunette,blue,remember,coke,A3F8G26PENQ6EO
R_3EFq5gHsWroJW4a,3/22/2017 16:00,3/22/2017 16:13,1,,semantic,50,25,20,25,50,50,0,50,25,50,25,50,25,100,25,75,20,25,50,75,50,,thematic,100,100,100,50,100,100,100,100,100,100,100,100,100,75,100,100,100,80,75,100,100,,association,10,75,5,10,5,25,40,20,20,20,25,50,75,30,40,20,25,5,20,5,10,,17,3,1,22,11,5,9,12,27,8,21,15,20,29,7,26,25,16,23,14,19,24,30,6,28,4,10,2,18,13,Yes,answer,horse,car,walk,apple,duck,thread,vegetable,go,skirt,unites states,alligator,perfume,yellow,hornet,four,booze,instrument,stop,trend,lift,jewel,couch,fire,air,leap,belt,blood,government,cow,wet,bag,bread,coat,kitchen,here,Africa,sister,juvenille,violin,blonde,soap,school,front,cuddle,take,long,touch,bank,fur,band,knife,bone,nurse,arm,nail,christ,apple,clean,hair,yellow,mind,can,A1BMUMLMLAFFAN
R_XtZQPiaan2evOh3,3/22/2017 16:02,3/22/2017 16:15,1,,semantic,100,50,70,30,40,80,20,90,70,90,50,60,70,100,100,100,20,80,30,60,70,,thematic,100,100,100,0,100,100,100,100,100,100,0,0,100,0,100,100,100,0,0,100,0,,association,70,100,80,100,40,70,90,80,70,40,100,100,70,40,100,20,100,0,60,40,60,,12,22,2,16,23,3,7,8,21,6,15,10,14,25,5,20,19,11,17,9,13,18,26,4,24,1,27,28,29,30,Yes,answer,horse,car,walk,pick,hen,thread,orange,go,skirt,USA,alligator,perfume,color,hornet,four,booze,instrument,stop,cocaine,lift,jewel,couch,fire,air,leap,buckle,blood,government,cow,wet,bag,bread,coat,kitchen,here,africa,sister,juvenile,piano,blonde,shower,religion,front,toddler,pull,long,touch,dollar,fur,band,knife,bones,nurse,arm,nail,christ,soda,dirt,brown,brown,mind,jar,A1LOIVWMRQ8QS4
R_3hu3KvaDLBaoXhb,3/22/2017 16:01,3/22/2017 16:16,1,,semantic,75,75,65,65,75,55,10,75,50,50,58,80,65,75,75,56,56,75,100,65,75,,thematic,60,60,50,50,60,60,50,60,55,50,30,55,50,35,30,30,50,30,20,50,60,,association,100,55,55,99,55,65,60,60,25,50,60,100,60,50,65,654,65,30,75,75,56,,8,15,1,11,16,4,17,18,19,20,21,7,10,22,6,23,14,24,13,25,26,12,27,5,28,3,29,2,9,30,Yes,different,bike,car,walk,apple,geese,quartet,salad,plane,pants,usa,alegator,smell,marker,bee,four,beer,beat,wave,goal,pull,hat,sofa,light,pull,run,bag,doctor,politician,cow,water,bag,bread,cod,bake,then,africa,sister,kid,violin,green,tub,school,front,crib,push,snail,smell,cash,coat,band,wrench,hop,nurse,hand,timble,christ,apple,clean,brown,blue,decision,can,a29x5s2va01ljh
R_1P01TN2pILph4B8,3/22/2017 16:02,3/22/2017 16:16,1,,semantic,80,40,30,70,20,40,50,60,5p,90,70,80,50,90,80,60,70,60,90,40,7p,,thematic,100,100,90,50,100,90,100,100,100,100,70,80,100,100,100,100,100,100,100,90,90,,association,60,90,21,30,30,50,60,50,30,50,90,90,90,40,100,80,40,10,21,30,50,,11,22,1,16,23,2,6,7,21,5,14,9,13,24,4,20,19,10,17,8,12,18,25,3,26,15,27,28,29,30,Yes,Answer ,Horse,Car,Walk,Apple,Chicken,Thread,Apple,Go,Sorry,USA,Aligator,Perfume,Yellow,Hornet,Four,Booze,Harp,Stop,Coke,Hold,Jewel,Couch,Light,Air,Hop,Buckle,Blood,Government,Cow,Shower,Jar,Meat,Coat,Kitchen,Here,Africa,Sister,Child,Piano,Yellow,Water,School ,Front,Adult,Pull,Long,Touch,Penny,Fur,Band,Knife,Bone ,Nurse,Arm,Nail,Christ,Apple,Clean ,Brown,Yellow,Answer,Jar,A2UCSSENYIMEIW
R_3CUD55LJMW6hFFt,3/22/2017 16:06,3/22/2017 16:16,1,,semantic,100,100,100,100,50,100,1,100,1,100,100,100,20,100,100,100,100,100,50,100,100,,thematic,100,100,90,0,100,100,100,100,100,100,50,75,100,0,100,100,100,40,0,70,100,,association,50,100,100,100,50,100,100,100,100,70,100,100,100,100,100,50,100,90,100,20,35,,10,24,1,20,25,4,8,12,26,7,19,14,18,27,6,28,23,15,21,13,17,22,29,5,30,3,9,2,16,11,Yes,answer,coaster,stuck,april,apple,chicken,thread,apple,go,skirt,USA,alligator,perfume,yellow,bee,four,booze,harp,stop,use,assist,jewel,sofa,flame,air,leap,belt,blood,government,cow,wet,bag,bread,coat,kitchen,here,africa,sister,juvenile,violin,green,soap,school,shoulder,cuddle,felt,bite,touch,coin,fur,band,knife,bone,nurse,arm,staple,christ,apple,clean,brown,yellow,reason,jar,A0017268R9SKD8U2Y3F
R_d09OwOuRwGYUviV,3/22/2017 16:02,3/22/2017 16:16,1,,semantic,65,100,100,60,100,100,65,50,40,80,90,80,90,100,100,75,70,80,100,90,90,,thematic,100,100,100,100,100,100,100,100,100,100,100,60,100,100,100,100,100,100,100,100,100,,association,70,80,40,1,5,40,90,99,10,40,99,95,40,10,100,8,80,50,80,70,10,,13,23,1,17,24,3,7,9,22,6,16,11,15,26,5,21,19,12,18,10,14,28,27,4,25,2,29,30,20,8,Yes,Doubt,Sit,Car,Walk,Soda,Chicken,Thread,Lemon,Go,Up,USA,Alligator,Candle,Yellow,Hornet,Four,Booze,Instrument,Stop,Coke,Lift,Royal,Sofa,Flame,Pull,Leap,Belt,Procedure,Congressional,Cow,Dance,Bag,Bread,Coat,Prepare,Here,Africa,Sister,Juvenile,Piano,Green,Shower,School,Front,Child,Go,Charm,Mind,Cash,Fur,Band,Knife,Bone,Nurse,Arm,Nail,Christ,Soda,Bowl,Brown,Brown,Mind,Jar,A1WPBSOT2IQUUO
R_1CkGPykQgtD1PmW,3/22/2017 16:02,3/22/2017 16:16,1,,semantic,0,75,75,25,90,75,75,75,75,75,50,90,90,100,90,90,50,90,90,100,25,,thematic,100,80,90,100,90,,100,100,100,90,50,75,90,25,75,75,100,50,50,90,90,,association,75,90,25,50,10,75,75,95,50,75,20,75,50,50,90,25,75,50,95,10,10,,9,17,1,13,16,4,7,10,15,6,14,11,12,29,5,18,19,20,21,22,23,24,30,25,26,3,27,2,28,8,Yes,mind,Horse,car,Walk,apple,chicken,thread,orange,go,skirt,USA,alligator,perfume,Yellow,hornet,Four,booze,instrument,Stop,coke,lift,jewel,chair,light,Push,lift,belt,Blood,Government,cow,wet,backpack,eat,coat,kitchen,here,Africa,sister,young,piano,green,soap,School,Front,cuddle,pull,long,smell,Bank,fur,band,Knife,bone,Nurse,arm,Nail,Christ,Apple,clean,brown,Brow,Mind,milk,A3DL85GOLLTO39
R_1q7X8sey9sjttST,3/22/2017 16:01,3/22/2017 16:17,1,,semantic,50,65,55,80,50,80,50,100,75,85,100,80,90,100,90,90,85,85,100,85,90,,thematic,85,80,100,60,90,65,100,90,100,90,65,55,100,90,90,100,100,75,100,80,100,,association,85,90,35,50,20,50,60,55,75,10,55,60,75,50,90,25,75,10,45,65,65,,13,23,1,17,24,3,7,8,22,6,16,10,15,26,5,21,20,11,18,9,14,19,27,4,25,2,12,28,29,30,Yes,,,,walk,,duck,thread,apple,go,skirt,USA,alligator,perfume,yellow,bee,four,alcohol,instrument,stop,coke,,jewel,couch,olympics,air,,,doctor,government,cow,storm,bag,,coat,food,here,europe,sister,child,,blonde,shower,church,front,,,long,,,fur,,axe,bone,nurse,arm,nail,christ,soda,clean,brown,yellow,,water,AA0QKSSEQ0B6Q
R_2zl5MGxgIm3UtDo,3/22/2017 16:00,3/22/2017 16:17,1,,semantic,85,65,25,80,25,10,25,85,90,100,50,30,70,100,90,50,20,90,85,50,70,,thematic,95,85,90,95,100,90,95,95,100,100,80,90,100,70,85,98,100,75,50,95,95,,association,40,90,75,0,20,25,20,50,10,0,70,90,30,20,95,0,60,20,30,0,20,,12,17,1,15,18,4,8,10,16,7,14,11,13,19,6,20,21,22,23,24,25,26,27,5,28,3,9,2,29,30,Yes,answer,share,car,walk,cola,chicken,quartet,orange,go,skirt,usa,alligator,perfume,yellow,hornet,four,alcolhol,harp,stop,nun,on,jewel,cushion,olympic,air,leap,on,blood,gvernment,cow,wet,bag,board,coat,kitchen,here,africa,sister,teen,violin,yellow,soap,church,front,cuddle,pull,long,sensibility,cash,coat,music,axe,bone,nurse,band,nail,christ,pie,clean,brown,brown,thought,opener,A1SUJ6LQ4NITLE
R_2y2xddK390Ud5AY,3/22/2017 16:01,3/22/2017 16:17,1,,semantic,34,30,60,40,50,41,12,90,57,60,89,60,46,100,76,50,38,80,32,75,40,,thematic,32,76,70,31,85,89,89,100,75,49,2,60,34,50,100,100,99,60,50,88,40,,association,46,75,10,30,12,41,48,43,62,40,30,48,58,20,91,38,21,50,12,25,7,,8,20,1,13,11,4,19,10,18,7,14,12,15,29,6,17,16,21,25,23,24,26,30,5,27,3,28,2,22,9,Yes,choice,go,car,walk,fruit,chicken,thread,apple,go,short,usa,alligator,smell,yellow,hornet,four,booze,instrument,stop,coke,no,hat,couch,sense,pull,leap,buckle,doctor,government,cow,wet,bag,bread,coat,kitchen,here,africa,sister,youth,piano,blond,tub,church,go,bottle,pull,long,touch,bank,fur,instrument,knife,bone,nurse,arm,nail,christ,apple,clean,brown,yellow,thought,baby, A1RYLNRJWO0M4T
R_2Yts8bp0U2EhNZ9,3/22/2017 16:01,3/22/2017 16:19,1,,semantic,50,80,50,80,50,20,5,80,50,20,20,80,50,80,80,90,5,20,80,5,100,,thematic,50,50,50,40,70,100,90,80,80,80,50,50,90,80,80,80,80,50,50,80,80,,association,5,80,30,50,5,70,60,80,50,10,10,50,50,50,80,20,50,50,40,10,60,,10,19,1,14,20,2,5,6,18,4,13,8,12,21,3,17,16,9,15,7,11,22,23,24,25,26,27,28,29,30,Yes,,horse,disc,walk,soda,duck,none,orange,go,skirt,USA,aligator,perfume,green,none,leaves,none,instrument,stop,coke,lift,jewellery,couch,olympics,air,none,bag,blood,government,cow,wet,none,none,coat,kitchen,here,africa,sister,juvenile,violin,blonde,room,school,none,kid,hold,long,touch,bank,fur,band,knife,bone,nurse,none,none,christ,soda,wipe,brown,yellow,think,glass,A1ANF3U25Z0TUI
R_2EgfepKN4713NJ1,3/22/2017 16:01,3/22/2017 16:23,1,,semantic,100,100,90,100,100,100,0,100,100,100,100,100,100,100,90,100,100,80,100,90,100,,thematic,80,100,90,30,100,100,100,100,100,100,50,50,100,20,50,100,100,50,10,100,1,,association,100,100,100,100,30,100,100,100,100,100,100,100,100,100,100,100,100,90,100,80,100,,11,12,1,13,14,3,6,16,21,15,17,18,19,20,5,22,23,24,9,25,26,10,27,28,29,4,7,2,30,8,Yes,thought,car,car,walk,Coke,duck,thread,orange,World,Skirt,USA,alegator,perfume,yellow,hornet,Four,booze,harp,stop,coke,lift,jewel,couch,Olympic,air,leap,belt,operation,News,cow,wet,bag,pizza,coat,kitchen,here,China,sister,child,violin,blonde,soap,church,pain,child,touch,long,hear,paper,fur,music,knife,smart,nurse,arm,nail,Christ,coke,pan,brown,yellow,thought,cap,AU2C0Q45DVGJO
R_1DNpalTSlkpzjeW,3/22/2017 16:13,3/22/2017 16:24,1,,semantic,,,,,food,,,,,cut,,bus,baby,country,,,colour,,number,,,,thematic,,,sports,,,,,,waters,toy,eat,,food,india,,,,,dress,,,,association,,,toy,,kinggobra,,tranction,,,,health,hospital,,,,fruits,polution,,,dress,thinkinking,,5,6,1,7,4,9,11,12,3,13,14,8,10,17,16,15,19,18,20,22,21,24,23,25,26,2,27,28,29,30,Yes,,,,,,,,,,,,,,,,,,,,,,,,,,,,,,,,,,,,,,,,,,,,,,,,,,,,,,,,,,,,,,,,A2RJJ6QW71OZMY
R_2AEzW9fABtHdrna,3/22/2017 16:02,3/22/2017 16:25,1,,semantic,60,90,80,50,0,60,0,0,0,50,80,59,50,100,70,80,50,0,80,70,90,,thematic,70,80,40,50,70,90,60,90,90,90,60,0,90,0,80,70,50,30,0,90,80,,association,20,60,80,50,0,40,90,10,50,20,10,90,80,0,80,0,70,70,0,0,40,,7,8,1,9,10,2,5,6,11,4,12,13,14,15,3,16,17,18,19,20,21,22,23,24,25,26,27,28,29,30,Yes,answer,horse,car,walk,toamto,berry,thread,orange,go,skirt,USA,alligator,perfume,yellow,cuddle,four,boose,instrument,stop,coke,lift,jewellery,couch,olympics,air,from,belt,blood,government,cow,wet,bag,bread,town,kitchen,here,africa,sister,juvilian,piano,green,soap,jesus,front,cuddle,take,long,touch,bank,eye,band,after,bone,nurse,watch,go,christ,banana,clean,brown,yellow,mind,jar,A3VFC7V1X9XISE
R_2BbbvXgMuNtjwO7,3/22/2017 16:14,3/22/2017 16:28,1,,semantic,100,100,80,100,50,80,0,100,60,100,100,100,60,100,75,100,50,90,20,100,60,,thematic,100,100,100,50,100,100,100,0,100,100,10,50,100,50,100,100,100,0,0,100,100,,association,60,80,50,80,50,80,75,75,40,65,85,85,80,70,80,20,80,10,20,20,50,,11,26,1,16,27,2,6,7,25,5,14,9,13,29,4,24,23,10,21,8,15,22,30,3,28,18,19,17,12,20,Yes,explain,share,car,walk,pie,duck,thread,fly,go,skirt,flag,alligator,smell,color,hornet,four,drink,piano,stop,coke,on,jewel,couch,flame,air,up,belt,blood,polititian,cow,wet,bag,bread,cloak,kitchen,here,europe,sister,youth,piano,bag,soap,school,front,cuddle,reach,bite,touch,bank,fur,line,axe,joint,nurse,hand,thumb,christ,soda,pan,brown,grass,think,opener,A1X1GFV9H8AGSL
R_1CwF58ZMOcVvORK,3/22/2017 16:00,3/22/2017 16:30,1,,semantic,75,90,85,75,60,90,80,85,70,90,80,50,85,100,90,95,90,90,95,95,95,,thematic,85,85,95,25,95,90,95,90,90,90,75,25,80,10,10,80,100,20,25,90,80,,association,80,95,20,70,10,30,80,80,75,75,60,95,40,45,95,50,30,85,40,70,65,,14,19,1,20,21,4,8,11,22,7,18,13,17,23,6,24,25,26,27,12,16,28,29,5,30,3,9,2,15,10,Yes,idea,go,car,April,apple,chicken,thread,orange,go,skirt,country,alligator,perfume,yellow,hornet,four,Booze,instrument,stop,routine,lift,jewel,soda,Olympics,air,leap,pull,blood,america,cow,wet,bag,bread,coat,kitchen,here,Africa,sister,child,piano,green,soap,school,front,child,pull,pull,idea,lend,fur,band,knife,bone,nurse,arm,nail,Christ,apple,clean,brown,yellow,reason,jar,A1LB9JOMFQ1UMG
R_7PbyVoFIx9fAFQB,3/22/2017 16:22,3/22/2017 16:33,1,,semantic,50,90,80,70,60,80,60,80,70,70,60,70,70,80,90,80,20,60,20,70,80,,thematic,60,100,100,70,100,80,100,100,100,100,50,30,100,60,50,100,100,50,20,100,100,,association,80,80,100,70,40,70,100,80,60,70,100,80,80,60,100,50,60,60,60,10,60,,12,25,2,17,26,3,8,11,24,7,18,13,19,27,6,23,22,14,20,15,28,21,29,5,30,1,9,4,16,10,Yes,meaning,go,car,february,apple,chicken,thread,apple,go,skirt,usa,alligator,perfume,yellow,bee,four,booze,string,stop,coke,bring,jewel,couch,olympics,pull,rope,boot,needle,trump,cow,wet,bag,parmesan,coat,food,here,africa,sister,juvenile,violin,yellow,soap,religion,pack,young,pull,bite,good,bank,fur,guitar,knife,bone,MD,pad,nail,christ,cream,clean,brown,brown,mind,jar,A3K2VLUT3MU9H2
R_2SkUmEQ27bcYmvN,3/22/2017 16:00,3/22/2017 16:37,1,,semantic,60,100,60,0,10,100,60,60,20,70,90,70,100,100,100,100,70,100,100,100,80,,thematic,100,100,100,90,100,100,100,90,100,100,100,60,100,100,70,100,100,100,100,100,100,,association,50,80,60,50,60,60,100,40,20,70,90,80,50,20,100,70,90,30,30,70,90,,11,18,1,14,19,2,6,7,17,5,13,9,12,20,4,16,15,10,22,8,23,24,25,3,26,21,27,28,29,30,Yes,Answer,Horse,Car,Walk,Apple,Chicken,Thread,Orange,Go,Skirt,USA,Alligator,Fragrance,Yellow,Hornet,Four,Booze,instrument,Stop,Coke,Lift,joy,Mattress,Olympiads,Wind,leap,Buckle,Blood,government,Cow,water,bag,Bread,hero,Kitchen,here,India,sister,young,fiddle,Green,Soap,school,front,Hug,Pull,long,Touch,bank,Skin,Band,Knife,Bone,nurse,arm,Turn,Christ,Soda,clean,easy,color,mind,Vase,A25CD8S9ZMHVP4
R_3lRZpxqErMJ1vE2,3/22/2017 16:11,3/22/2017 16:38,1,,semantic,100,75,5,75,70,25,10,100,75,50,50,30,85,100,90,60,85,50,20,100,100,,thematic,99,95,100,25,75,65,99,100,100,65,69,55,100,0,85,95,85,50,50,100,100,,association,75,85,50,80,67,50,68,95,75,56,35,89,95,15,99,25,85,15,75,25,69,,11,12,1,13,20,4,8,21,22,7,23,24,25,26,6,27,28,14,19,18,17,16,29,5,30,3,9,2,15,10,Yes,Answer,Horse,Car,Walk,Apply,Chiken,Yarn,Apple,Go,Skirt,United States,Aligator,Perfume,Yellow,Hornet,Four,Booze,Instrument,Stop,Coke,Lift,Jewels,Couch,Light,Make,Leap,Buckle,Blood,Government,Cow,Wet,Bag,Fork,Coat,Kitchen,Here,Africa,Sister,Young,Piano,Blue,Soap,Church,Front,Young,Pull,Long,Touch,Bank,Fur,Band,Knife,Bone,Nurse,Arm,Stick,Christ,Apple,Clean,Brown,Blue,Thought,Jar,A2ZPH76PDI9XIQ
R_2UYnP6L59IpGpeR,3/22/2017 17:01,3/22/2017 17:31,1,,semantic,90,80,80,80,80,90,60,90,90,90,80,85,95,95,90,90,90,90,95,90,90,,thematic,80,90,75,60,95,70,95,95,80,95,90,90,95,80,70,100,90,80,95,90,80,,association,80,90,50,90,60,65,90,90,80,90,70,80,90,70,90,90,70,90,90,90,80,,9,10,1,11,12,4,8,13,14,7,15,16,17,29,6,18,19,23,26,22,25,27,30,5,28,3,20,2,24,21,Yes,Logic,Walk,Closed,Walk,Cola,Gander,Yarn,Apple,Airplane,Skirt,USA,Aligator,Purfume,Pen,Fly,Four,Liquor,Flute,Notice,Nun,Hold,Jewel,Pillow,Light,Push,Leap,Buckle,Cut,Government,Lamb,Wind,Bag,Milk,Coat,Back,Here,Europe,Sister,Teen,Violin,Green,Shower,Religion,Front,Child,Push,Reptile,Feel,Currency,Coat,Trumpet,Knife,Knee,Nurse,Hand,Nail,Christ,Apple,Sneeze,Brown,Blue,Thought,Jar,AV79XJTJ3L9YN
R_2AX8CC2oDrrz9sB,3/22/2017 17:24,3/22/2017 17:57,1,,semantic,65,89,78,70,87,75,85,74,67,92,94,87,65,98,80,95,95,89,55,92,100,,thematic,87,99,95,90,96,85,97,94,100,100,67,64,91,55,75,90,95,65,30,92,80,,association,91,75,70,75,66,65,85,70,80,55,75,72,87,85,90,60,78,55,64,68,73,,11,21,1,15,22,2,6,7,19,5,13,9,12,23,4,20,18,10,16,8,14,17,24,3,25,26,27,28,29,30,Yes,Answer,Car,Trash,Walk,Fruit,Chicken,Strand,Apple,Go,Skirt,USA,Alligator,Spray,Yellow,Hornet,Four,Booze,Instrument,Stop,Coke,Lift,Jewel,Couch,Fuel,Air,Leap,Latch,Blood,Government,Cow,Wet,Bag,Bread,Coat,Kitchen,Here,Africa,Sister,Juvenile,Piano,Green,Wash,School,Front,Cuddle,Lift,Rattle,Second,Bank,Fur,Band,Knife,Bone,Nurse,Arm,Nail,Christ,Soda,Clean,Brown,Brown, Brain,Jar,ABUXM7VAW5SKJ
R_12nFShKMbpuwcCS,3/22/2017 17:18,3/22/2017 18:21,1,,semantic,100,50,50,100,50,50,25,75,100,100,100,50,100,100,100,50,50,100,100,100,100,,thematic,100,100,100,100,100,100,100,100,100,100,50,50,100,75,100,100,100,100,100,100,100,,association,nun,middle,kiss,push,cold,feel,saving,coat,march,throw,break,care,wrestle,hammer,superstar,pie,housework,hair,open,paint,think,,11,14,1,12,15,4,8,10,13,7,16,17,18,19,6,20,21,22,23,24,25,26,27,5,28,3,29,2,30,9,Yes,answer,carry,car,walk,soda,duck,rock,fly,go,skirt,usa,alligator,smell,yellow,hornet,four,wine,cello,stop,bvad,lift,jewls,chair,fire,air,hop,buckle,doctor,government,cow,shower,bag,bread,jacket,clean,here,africa,sister,teen,piano,green,soap,priest,front,cuddle,bag,long,hear,bank,fur,band,axe,joint,nurse,arm,nail,christ,soda,mop,brown,brown,answer,jar,A15LHHN76OW2UM
R_cXQup4Nh7OaPE6R,3/22/2017 16:53,3/22/2017 18:32,1,,semantic,100,25,100,0,25,100,0,0,100,100,100,100,100,100,100,100,100,100,25,100,100,,thematic,100,100,100,100,100,100,100,100,100,100,0,100,100,100,0,0,100,0,1,100,100,,association,100,100,50,100,20,100,100,100,100,80,100,100,40,100,100,100,100,100,100,100,100,,5,6,1,7,8,3,9,10,11,12,13,14,15,16,17,18,19,20,21,22,23,24,25,26,27,4,28,2,29,30,Yes,,,car,Walk,cola,duck,,orange,,,U.S.A.,allegator,perfume,,hornet,four,boistrus,,,Coke,lift,,couch,,,,Buckle,,,cow,,,,coat,,here,,,juvenile,Piano,green,soap,,front,infant,,long,,bank,fur,,knife,bone,,arm,nail,Christ,,clean,Brown,,innovation,,A1QJ2VPPZG16EG
R_1oupOUs2tGtOodq,3/22/2017 18:11,3/22/2017 18:42,1,,semantic,75,85,50,80,40,80,20,50,30,90,70,65,80,100,90,85,60,85,90,100,65,,thematic,90,80,75,10,85,50,90,95,100,90,5,50,90,20,40,80,100,10,2,95,80,,association,80,95,60,30,30,50,85,85,70,60,70,95,70,60,100,60,100,65,30,20,45,,9,15,1,12,16,2,5,6,14,4,11,7,10,17,3,13,18,8,19,20,21,22,23,24,25,26,27,28,29,30,Yes,answer,horse,car,walk,orange,chicken,rope,cherry,flight,skirt,USA,alligator,perfume,yellow,hornet,four,driving,instrument,stop,nun,all,jewels,pillow,fire,air,leap,buckle,doctor,government,cow,storm,bag,sandwich,coat,chef,here,Africa,sister,teen,piano,green,soap,priest,pack,child,pull,long,touch,change,coat,guitar,knife,bone,nurse,bracelet,nail,Christ,cola,clean,brunette,yellow,thought,jar,AGTNICWMW93IZ
R_7Qf0K9C13OK7xlf,3/22/2017 18:47,3/22/2017 19:03,1,,semantic,80,90,60,80,60,80,80,100,40,100,80,70,80,100,90,90,70,80,40,80,900,,thematic,70,80,80,85,95,85,95,100,95,95,70,80,95,75,20,95,100,60,70,90,90,,association,60,100,90,80,80,95,60,90,80,90,60,75,60,80,85,95,100,50,80,40,70,,11,12,1,13,14,4,8,15,16,7,17,18,19,20,6,21,22,23,24,25,26,27,28,5,29,3,9,2,30,10,Yes,,lift,car,walk,soda,chicken,thread,orange,boat,skirt,united state,aligator,smell,yellow,bees,four,brooze,instrument,stop,coke,lift,jewel,couch,olympic,air,leap,seatbelt,blood,government,cow,wet,bag,milk,jacket,kitchen,here,africa,sister,youth,piano,colour,clean,prayers,pack,shower,grip,long,touch,bank,coat,band,knife,hop,nurse,ankle,glue,christ,soda,clean,brunett,yellow,think,water,A1O0DVNTMUGRLK
R_1BXfkTO4WXmvUjE,3/22/2017 16:27,3/22/2017 19:55,1,,semantic,80,85,50,85,50,85,10,80,80,95,90,70,85,98,95,90,75,85,80,99,90,,thematic,75,35,80,55,50,70,90,70,85,40,60,5,80,10,70,65,65,20,10,85,95,,association,55,95,25,60,55,75,98,95,70,75,80,80,65,35,98,54,75,65,40,40,85,,13,29,1,14,30,4,8,10,18,7,17,12,15,19,6,20,21,22,23,11,16,24,25,5,26,3,27,2,28,9,Yes,Answer,Horse,Car,Walk,Soda,Chicken,Violin,Apple,Go,Skirt,USA,Alligator,Perfume,Yellow,Hornet,Four,Booze,Instrument,Stop,Pattern,Lift,Jewel,Couch,Olympics,Air,Leap,Purse,Blood,Government,Cow,Wet,Bag,Bread,Coat,Kitchen,Here,Africa,Sister,Child,Trumpet,Green,Soap,School,Front,Boom,Lift,Long,Touch,Wallet,Fur,Beat,Axe,Bone,Hospital,Strap,Nail,Christ,Soda,Clean,Brown,Brown,Mind,Jar,A336V7IY38Q2WN
R_1hZqGGsGcwBH1Pe,3/22/2017 20:24,3/22/2017 20:38,1,,semantic,50,45,30,75,30,40,20,40,45,55,25,85,35,30,50,40,40,90,5,35,40,,thematic,90,95,85,70,90,80,95,80,95,85,95,80,100,85,90,100,90,80,70,95,95,,association,uniform,paper,blanket,rope,reptile,feel,cash,coat,music,cut,skeleton,hospital,anatomy,sharp,church,fruit,maid,hair,jam,color,think,,13,20,1,16,21,4,8,11,19,7,15,12,14,22,6,18,17,23,24,25,26,27,28,5,29,3,9,2,30,10,Yes,idea,share,car,may,heart,neck,long,bowl,speed,skirt,Europe,hunter,smell,color,bee,two,drink,piano,paper,task,bag,jewel,couch,fire,flex,hop,purse,blood,debate,cow,wet,bag,cake,coat,bet,two,africa,sister,child,piano,bear,salt,church,front,bottle,take,care,taste,bank,fur,palyer,knife,bone,medicine,ankle,pin,Christ,pie,bowl,brown,yellow,new,jar,A3MPHGI584PR1U
R_1KqKDb2znjSLnWr,3/22/2017 18:38,3/22/2017 20:54,1,,semantic,90,20,20,70,10,50,10,50,10,80,30,100,60,100,50,60,30,100,10,80,70,,thematic,60,90,80,60,70,30,100,80,60,70,40,0,60,50,100,90,60,10,30,100,70,,association,10,100,0,50,30,40,60,60,60,25,80,20,30,40,100,10,30,40,20,10,0,,7,8,1,22,9,2,10,11,27,12,21,16,20,29,6,26,25,17,23,15,19,24,30,4,28,5,13,3,18,14,Yes,answer,horse,car,april,pie,bird,thread,orange,go,skirt,USA,alligator,perfume,yellow,hornet,four,booze,instrument,stop,coke,hold,royalty,coach,light,do,leap,buckle,doctor,government,cow,sunny,lunch,swiss,coat,meal,here,africa,sister,young,piano,blonde,soap,church,front,cuddle,hold,oil,smell,funds,coat,beat,saw,hop,who,arm,tape,christ,pie,old,brown,yellow,thought,neck,AOIR8V07FYMH5
R_DHp2POXMKeBW4Jr,3/22/2017 21:07,3/22/2017 21:20,1,,semantic,55,25,78,75,100,75,75,78,50,25,75,72,100,100,70,100,75,75,75,75,25,,thematic,75,50,100,75,25,75,100,100,100,100,75,50,100,100,75,100,50,50,100,25,25,,association,100,100,75,100,75,75,100,75,100,100,75,50,75,75,100,75,50,50,75,75,75,,9,15,1,22,16,3,6,17,14,18,10,19,20,21,5,13,12,8,11,23,24,25,26,4,27,2,7,28,29,30,Yes,thought,horse,small,april,coke,egg,rope,fly,fun,skirt,usa,alligator,soap,yellow,jacket,four,driving,cello,stop,life,bad,jewel,couch,Olympics ,air,stand,down,hurt,government,cow,wet,bag,bread,town,kitchen,here,africa,sister,adult,piano,blue,soap,christian,body,cuddle,hold,long,smell,cash,coat,band,knife,bone,hospital,hand,toe,christ,coke,mite,hair,blue,thought,glass,A32QE8R5YBNXVD
R_11beZzp2Q8YQHWN,3/22/2017 21:05,3/22/2017 21:21,1,,semantic,80,90,30,70,50,30,40,50,60,60,70,80,60,90,70,80,50,60,90,80,60,,thematic,80,60,70,70,70,50,90,80,90,60,60,70,90,90,60,100,50,50,40,100,50,,association,40,80,60,60,70,60,70,40,10,60,40,80,60,5,80,50,70,70,50,20,50,,11,23,1,16,24,4,7,8,21,6,15,12,14,25,5,22,18,10,19,9,13,20,26,17,27,3,28,2,30,29,Yes,answer,Horse,bulky,walk,soda,chicken,threads,apple,go,skirt,usa,alligator,perfume,green,hornet,two,booze,harp,pen,hobbie,drop,jewelery,couch,light,air,walk,buckle,blood,government,Cow,wet,bag,bread,hoodie,kitchen,Here,africa,sister,Juvenile,violin,Black,soap,church,front,cuddle,take,long,smell,buy,whales,music,sword,bone,nurse,arm,snail,christ,soda,clean,brown,Blue,brain,water,A2T50IRD435JRZ
R_2VHAR99m66Lpdgl,3/22/2017 22:27,3/22/2017 22:53,1,,semantic,80,85,60,70,55,70,50,70,75,90,85,70,65,100,95,75,80,80,100,70,65,,thematic,50,70,100,40,50,50,100,80,100,40,75,50,100,75,50,100,70,30,80,100,100,,association,40,80,,40,40,75,100,50,60,50,40,80,60,70,100,60,50,60,75,80,65,,7,8,1,9,10,2,6,11,14,5,15,16,17,18,4,20,21,22,12,23,24,13,26,19,27,3,28,25,29,30,Yes,answer,go,small,april,fruit,duck,thread,orange,go,skirt,USA,alligator,perfume,yellow,bite,four,booze,string,symbol,custom,lift,prince,chair,olympic,pressure,long,tag,blood,government,cow,wet,bag,bread,tape,kitchen,here,africa,sister,juvenile,lute,Green,soap,christian,front,child,seize,long,nose,bank,fur,band,axe,joint,nurse,band,flip,christ,fruit,scatter,brown,brown,concept,water,AEY67OL8UKB
R_Adic6JCBFjRtoK5,3/22/2017 22:48,3/22/2017 23:01,1,,semantic,30,50,60,10,70,0,40,40,40,30,50,50,50,60,30,80,50,50,40,40,50,,thematic,30,40,30,80,20,40,60,40,70,80,60,50,90,20,60,70,50,40,10,30,30,,association,50,30,60,40,40,40,50,50,60,60,40,30,50,60,30,50,40,50,40,50,40,,11,12,4,13,14,2,8,15,16,7,17,18,19,20,6,21,22,23,24,25,26,27,28,5,29,1,9,3,30,10,Yes,sad,cooker ,house,month,bread ,duck,water,apple,bus,wear,country ,river,sad,fan,fan,number,water ,music,stop,daily,state ,king,bed,light,air,climp,dad,blond ,politician ,cold,water,bag,bread,head,kitchen ,her,country ,sister,fan,house,color,soap,religious ,grant ,body,sea,fear,human,coin,mink,fan,had,body,dentist,body,water,god,fruit ,clean,mink,color,water,water,A1K8Z5YH3F15MY
R_2P53x9SVinprzdZ,3/23/2017 0:17,3/23/2017 0:34,1,,semantic,question,race,bike,april,tomato,write,cola,hanger,fry,grab,mango,tour,clothes,country,hippo,smell,black,trump,two,20,guitar,,thematic,diamond,sofa,sports,pressure,kneel down,belt,election,pig,water,carrier,jam,cow,recipies,america,this,mother,crime,guitar,blue,towel,flesh,,association,christian,middle,sleep,grip,tail,feel,saving,tape,music,blade,vain,medical,watch,wrist,religion,tomato,junk,black,wine,blue,trick,,20,26,1,25,24,3,8,11,28,7,19,13,21,22,6,23,27,15,16,12,14,17,30,5,29,4,9,2,18,10,Yes,answer,race,car,april,apple,chicken,thread,orange,tour,clothes,united states,alligator,perfume,yellow,string,four,booze,guitar,stop,feel,bag,jewels,couch,olympics,air,lean,thread,blood,government,wasp,water,bag,bread,tape,kitchen,here,africa,sister,privilege,sense,black,towel,christ,front,cuddle,hanger,tail,touch,bank,jar,music,wrist,bone,nurse,watch,toe,christ,apple,junk,brown,blue,mind,jar,AMC42JMQA8A5U
R_24CS3SsV5SGwOVS,3/23/2017 0:53,3/23/2017 1:14,1,,semantic,30,100,0,70,80,90,70,60,80,90,70,75,80,100,90,90,60,65,90,80,60,,thematic,90,60,70,55,65,80,80,90,65,60,80,50,100,60,80,100,85,40,30,95,90,,association,30,90,20,70,10,10,60,90,70,55,70,80,80,50,95,20,40,30,15,40,30,,12,13,1,15,16,4,8,11,17,7,18,14,19,20,6,21,22,23,24,25,26,27,30,5,29,3,9,2,28,10,Yes,answer,horse,car,walk,soda,chicken,tie,orange,go,skirt,USA,alligator,perfume,yellow,hornet,four,sober,instrument,stop,bad,sack,king,couch,olympic,air,leap,buckle,blood,government,cow,wet,bag,bread,coat,kitchen,here,africa,sister,teenager,piano,green,soap,church,carry,cry,pull,long,touch,rich,fur,band,knife,bone,nurse,arm,nail,christ,soda,clean,brown,brown,mind,beer,A2IJAMGX3DBA8J
R_237B2V8ZaRPsXbm,3/23/2017 5:21,3/23/2017 5:36,1,,semantic,questin,good,vehicle,day,beverages,man,food,park,bird,paper,health,vehicle,man,state,wild,body wash,drawing,comfort,two,2,music,,thematic,stone,tap,useful,waves,things,good,public,animals,water,lunch,bakery,shirt,foods,country,front,family,normal,music,blue,bathroom,operation,,association,private,hip,duty,down,wild,nose,atm,good,comfort,kitchen,body,hospital,hand,hand,church,fruits,house,good,kitchen,red,brain,,7,9,11,14,19,1,6,8,10,15,16,17,12,13,5,18,20,22,24,25,26,27,21,4,28,2,29,3,23,30,Yes,,,cool,,,,letter,,car,cloth,,,,yellow,normal,four,,,write,good,,,wash,light,air,walk,good,,,,,none,,,,,,sister,,,green,soap,jesus,,wash,,,,bank,normal,knife,,,,,,,fruit,clear,knife,blue,normal,,A4X84M4B0RUTB
R_3G9T2EUwsW00kUm,3/23/2017 20:30,3/23/2017 20:55,1,,semantic,34,13,32,71,33,41,30,22,90,56,70,78,88,81,90,77,24,87,50,79,65,,thematic,78,85,85,62,90,9,78,91,92,69,8,8,74,24,80,95,80,44,21,87,59,,association,88,91,12,20,41,28,66,79,11,12,92,84,82,32,82,4,76,20,34,14,41,,6,8,1,9,16,4,12,13,14,11,17,18,19,25,7,23,21,20,22,24,26,27,28,5,29,3,10,2,30,15,Yes,Answer,Horse,Car,Walk,Cola,Chicken ,Thread,Orange,Go,Skirt,USA,Alligator ,Perfume ,Yellow ,Hornet,Four,Booze,Instrument ,Stop,Coke,Lift,Jewel,Couch,Light,Water,Leap,Buckle,Blood,Government ,Cow,Wet,Bag,Bread,Coat,Kitchen,Here,Africa,Sister,Juvenile ,Piano,Green,Soap,School,Front,Cuddle,Pull,Long,Touch,Bank,Fur,Band,Knife,Bone,Nurse,Arm,Nail,Christ,Cola,Clean,Brown,Yellow ,Mind,Jar,A2MZWPKPK0A868
R_3QVKHVfWMYXHO0v,3/23/2017 20:34,3/23/2017 20:57,1,,semantic,95,25,50,85,50,25,10,98,75,75,50,85,85,98,98,65,25,98,98,25,50,,thematic,75,95,85,50,100,75,95,90,85,100,95,65,95,70,75,90,100,75,50,85,95,,association,25,60,2,10,2,12,15,55,25,4,5,30,8,6,20,2,20,1,1,9,5,,10,20,1,15,21,2,5,6,19,4,14,8,13,22,3,18,17,9,16,7,12,23,24,25,26,27,28,29,11,30,Yes,Logic,Walk,Car,Walk,Coke,Chicken,Harp,Cherry,Go,Skirt,USA,Alligator,Perfume ,Yellow,Hornet,Four,Beer,Instrument ,Stop ,Coke,Lift,Jewel,Couch,Olympics,Pull,Leap,Buckle,Blood,Government,Cow,Wind,Bag,Cracker,Coat,Chef ,Here,Africa ,Sister,Juvenile ,String,Blonde,Soap,School,Front ,Cuddle ,Pull,Long,Touch,Cash ,Fur,Band,Knife,Bone,Nurse ,Arm,Hang,Christ,Coke,Clean,Brown,Yellow,Think,Coke,ASHS2D9RDM4PO
R_3PnxtlVCC6oUOui,3/23/2017 20:56,3/23/2017 21:42,1,,semantic,100,100,70,100,0,50,0,80,50,100,50,10,50,100,100,100,50,30,80,50,100,,thematic,100,0,100,100,100,100,100,100,100,100,100,0,100,100,100,100,100,100,100,100,100,,association,50,100,80,100,50,80,90,50,80,50,80,70,100,50,100,50,80,50,90,90,80,,7,8,2,9,10,3,11,12,13,5,14,15,16,17,6,18,19,20,21,22,23,24,25,4,26,1,27,28,29,30,Yes,answer,horse,car,walk,soda,chicken,thread,orange,go,skirt,usa,alligator,perfume,yellow,hornet,four,beer,instrument,stop,coke,lift,jewel,seat,light,stop,,belt,blood,country,cow,wet,bag,bread,hat,kitchen,here,india,sister,young,,blonde,soap,church,front,care,pull,long,touch,bank,,blower,,bone,nurse,hand,,christ,soda,clean,brown,yellow,brain,container,AX6JQ37WUHFSH
R_2aWW6pNZjpYWsGz,3/23/2017 21:32,3/23/2017 22:05,1,,semantic,100,100,100,100,0,100,70,100,100,100,100,100,100,100,70,100,90,60,80,100,100,,thematic,100,100,100,100,100,100,100,100,100,100,100,100,100,50,100,100,50,100,50,100,100,,association,90,100,100,100,100,100,100,100,100,100,100,100,100,100,100,90,100,100,100,70,100,,7,19,1,11,20,2,5,6,18,4,13,8,12,21,3,17,16,9,15,10,14,23,22,24,25,26,27,28,29,30,Yes,answer,horse,car,walk,soda,Chicken,thread,orange,go,skirt,USA,alligator,perfume,yellow,hornet,four,booze,instrument,stop,coke,lift,jewel,couch,olympics,air,leap,buckle,blood,government,cow,wet,bag,bread,coat,kitchen,here,Africa,sister,juvenille,piano,green,soap,school,front,Cuddle,pull,long,touch,bank,fur,band,knife,Bone,Nurse,arm,nail,christ,apple,clean,brown,yellow,mind,jar,A1OKS5USB0BC1N
R_3MRRSdsA7fMfPMZ,3/23/2017 21:32,3/23/2017 22:23,1,,semantic,100,100,90,100,0,100,70,100,50,90,80,80,90,100,100,100,80,70,100,90,100,,thematic,100,100,100,90,0,100,100,100,100,100,100,100,90,60,70,100,70,100,100,100,90,,association,90,90,100,80,90,90,80,90,80,70,80,90,100,100,100,85,80,100,100,100,100,,9,10,1,11,12,4,7,13,14,15,16,17,18,19,6,20,21,22,23,24,25,26,27,5,28,3,29,2,30,8,Yes,Answer,horse,Car,Walk,Apple,Chicken,Thread,Orange,Go,Skirt,USA,Alligator,perfume,Yellow,Hornet,Four,Booze,Instrument,Stop,Coke,Lift,Jewel,Couch,Olympic,Air,Leap,Buckle,Blood,Government,Cow,Wet,Bag,Bread,Coat,Kitchen,Here,Africa,Sister,Juvenile,Piano,Green,Soap,School,Front,Cuddle,Pull,Long,Touch,Bank,Fur,Band,Knife,Bone,Nurse,Arm,Nail,Christ,apple,clean,Brown,Yellow,Mind,Jar,A1HXHFX54MRHBZ
R_3LYJTRipiloeJvx,3/23/2017 22:09,3/23/2017 22:25,1,,semantic,5,50,25,50,35,50,10,75,50,80,100,65,75,100,100,75,10,75,100,75,100,,thematic,100,100,100,10,100,100,100,100,100,50,100,100,100,100,75,100,100,100,100,100,100,,association,50,65,10,25,1,15,50,20,35,5,50,50,20,25,65,20,40,35,50,30,20,,15,25,1,19,26,4,8,10,24,7,18,12,17,28,6,23,22,13,20,11,16,21,29,5,27,3,9,2,30,14,Yes,TRUE,WALK,DISC,WALK,SODA,DUCK,THREAD,ORANGE,AIR,SKIRT,USA,ALIGATOR,SMELL,GREEN,HORNET,FOUR,BOOZE,INSTRUMENT,STOP,NUN,HOLD,JEWEL,SOFA,LIGHT,AIR,ROPE,BUCKLE,DOCTOR,POLITICIAN,COW,SHINE,BAG,BREAD,COD,WAITER,HERE,EUROPE,SISTER,CHILD,PIANO,YELLOW,SOAP,SCHOOE,FRONT,CRY,PULL,GRASS,SMELL,BANK,FUR,BAND,KNIFE,HOP,NURSE,ARM,NAIL,CHRIST,COLA,CLEAN,BROWN,YELLOW,THINK,GLASS,A1ZWJF3V4NXN6H
